#
# There is insufficient memory for the Java Runtime Environment to continue.
# Native memory allocation (mmap) failed to map 668991488 bytes. Error detail: G1 virtual space
# Possible reasons:
#   The system is out of physical RAM or swap space
#   This process is running with CompressedOops enabled, and the Java Heap may be blocking the growth of the native heap
# Possible solutions:
#   Reduce memory load on the system
#   Increase physical memory or swap space
#   Check if swap backing store is full
#   Decrease Java heap size (-Xmx/-Xms)
#   Decrease number of Java threads
#   Decrease Java thread stack sizes (-Xss)
#   Set larger code cache with -XX:ReservedCodeCacheSize=
#   JVM is running with Zero Based Compressed Oops mode in which the Java heap is
#     placed in the first 32GB address space. The Java Heap base address is the
#     maximum limit for the native heap growth. Please use -XX:HeapBaseMinAddress
#     to set the Java Heap base and to place the Java Heap above 32GB virtual address.
# This output file may be truncated or incomplete.
#
#  Out of Memory Error (os_windows.cpp:3690), pid=11196, tid=13172
#
# JRE version: OpenJDK Runtime Environment Microsoft-13877129 (17.0.19+10) (build 17.0.19+10-LTS)
# Java VM: OpenJDK 64-Bit Server VM Microsoft-13877129 (17.0.19+10-LTS, mixed mode, sharing, tiered, compressed oops, compressed class ptrs, g1 gc, windows-amd64)
# No core dump will be written. Minidumps are not enabled by default on client versions of Windows
#

---------------  S U M M A R Y ------------

Command Line: --add-opens=java.base/java.lang=ALL-UNNAMED --add-opens=java.base/java.lang.invoke=ALL-UNNAMED --add-opens=java.base/java.util=ALL-UNNAMED --add-opens=java.prefs/java.util.prefs=ALL-UNNAMED --add-exports=jdk.compiler/com.sun.tools.javac.api=ALL-UNNAMED --add-exports=jdk.compiler/com.sun.tools.javac.util=ALL-UNNAMED --add-opens=java.base/java.util=ALL-UNNAMED --add-opens=java.prefs/java.util.prefs=ALL-UNNAMED --add-opens=java.base/java.nio.charset=ALL-UNNAMED --add-opens=java.base/java.net=ALL-UNNAMED --add-opens=java.base/java.util.concurrent=ALL-UNNAMED --add-opens=java.base/java.util.concurrent.atomic=ALL-UNNAMED --add-opens=java.xml/javax.xml.namespace=ALL-UNNAMED -XX:MaxMetaspaceSize=1024m -Xmx4096m -Dfile.encoding=UTF-8 -Duser.country=US -Duser.language=en -Duser.variant -javaagent:C:\Users\marca\.gradle\wrapper\dists\gradle-9.0.0-bin\d6wjpkvcgsg3oed0qlfss3wgl\gradle-9.0.0\lib\agents\gradle-instrumentation-agent-9.0.0.jar org.gradle.launcher.daemon.bootstrap.GradleDaemon 9.0.0

Host: Intel(R) Core(TM) i5-10210U CPU @ 1.60GHz, 8 cores, 11G,  Windows 11 , 64 bit Build 26100 (10.0.26100.8328)
Time: Mon May 25 08:47:41 2026 Malay Peninsula Standard Time elapsed time: 861.571982 seconds (0d 0h 14m 21s)

---------------  T H R E A D  ---------------

Current thread (0x000001d17acddff0):  VMThread "VM Thread" [stack: 0x000000d080300000,0x000000d080400000] [id=13172]

Stack: [0x000000d080300000,0x000000d080400000]
Native frames: (J=compiled Java code, j=interpreted, Vv=VM code, C=native code)
V  [jvm.dll+0x68cc89]  (no source info available)
V  [jvm.dll+0x845d89]  (no source info available)
V  [jvm.dll+0x847af8]  (no source info available)
V  [jvm.dll+0x848183]  (no source info available)
V  [jvm.dll+0x24d0bf]  (no source info available)
V  [jvm.dll+0x68c089]  (no source info available)
V  [jvm.dll+0x68064a]  (no source info available)
V  [jvm.dll+0x3102f0]  (no source info available)
V  [jvm.dll+0x310192]  (no source info available)
V  [jvm.dll+0x317709]  (no source info available)
V  [jvm.dll+0x369b09]  (no source info available)
V  [jvm.dll+0x369d3d]  (no source info available)
V  [jvm.dll+0x2e6afa]  (no source info available)
V  [jvm.dll+0x2e4ef1]  (no source info available)
V  [jvm.dll+0x2e468c]  (no source info available)
V  [jvm.dll+0x32903b]  (no source info available)
V  [jvm.dll+0x84ca0d]  (no source info available)
V  [jvm.dll+0x84d723]  (no source info available)
V  [jvm.dll+0x84dc54]  (no source info available)
V  [jvm.dll+0x84e038]  (no source info available)
V  [jvm.dll+0x84e12e]  (no source info available)
V  [jvm.dll+0x7f62cc]  (no source info available)
V  [jvm.dll+0x68e227]  (no source info available)
C  [ucrtbase.dll+0x37b0]  (no source info available)
C  [KERNEL32.DLL+0x2e957]  (no source info available)
C  [ntdll.dll+0x427c]  (no source info available)

VM_Operation (0x000000d081af4520): G1CollectForAllocation, mode: safepoint, requested by thread 0x000001d15379d450


---------------  P R O C E S S  ---------------

Threads class SMR info:
_java_thread_list=0x000001d136da1810, length=144, elements={
0x000001d157bae650, 0x000001d17ace4300, 0x000001d17ace80f0, 0x000001d17acfbb80,
0x000001d17acfe460, 0x000001d17ad074e0, 0x000001d17ad07db0, 0x000001d17ad0ae30,
0x000001d17ad0b740, 0x000001d17ad0c050, 0x000001d17accb8d0, 0x000001d17f1c4c90,
0x000001d135d08430, 0x000001d17f972720, 0x000001d13671f0d0, 0x000001d135525000,
0x000001d135522c90, 0x000001d135525a20, 0x000001d1355236b0, 0x000001d1355240d0,
0x000001d135525510, 0x000001d13578f220, 0x000001d135791fb0, 0x000001d1357929d0,
0x000001d1357933f0, 0x000001d13578fc40, 0x000001d135794320, 0x000001d135794830,
0x000001d135793e10, 0x000001d13ac4dc60, 0x000001d13ac4fac0, 0x000001d15379d450,
0x000001d153342d00, 0x000001d1464ac8a0, 0x000001d1464aaf50, 0x000001d15379d960,
0x000001d15379e890, 0x000001d15379eda0, 0x000001d15379f2b0, 0x000001d15379de70,
0x000001d15379f7c0, 0x000001d15379e380, 0x000001d15379c520, 0x000001d135537d30,
0x000001d135538750, 0x000001d13553a0a0, 0x000001d13553a5b0, 0x000001d135538240,
0x000001d135538c60, 0x000001d13ad9a490, 0x000001d13ad9aeb0, 0x000001d138800e90,
0x000001d1388027e0, 0x000001d1388013a0, 0x000001d1388018b0, 0x000001d138801dc0,
0x000001d135539170, 0x000001d13553aac0, 0x000001d135539680, 0x000001d135539b90,
0x000001d153117320, 0x000001d153116900, 0x000001d153114590, 0x000001d153114fb0,
0x000001d153114aa0, 0x000001d1531159d0, 0x000001d153115ee0, 0x000001d1531154c0,
0x000001d1531163f0, 0x000001d153116e10, 0x000001d153117830, 0x000001d15379ca30,
0x000001d153344650, 0x000001d153344140, 0x000001d153208000, 0x000001d153207af0,
0x000001d153208a20, 0x000001d153208510, 0x000001d1532070d0, 0x000001d1455930e0,
0x000001d145594010, 0x000001d1455935f0, 0x000001d145593b00, 0x000001d145594520,
0x000001d145594a30, 0x000001d138bf0290, 0x000001d13caca390, 0x000001d138800980,
0x000001d138bef870, 0x000001d138bee430, 0x000001d1388022d0, 0x000001d13caca8a0,
0x000001d138bee940, 0x000001d138befd80, 0x000001d138beda10, 0x000001d153114080,
0x000001d153822060, 0x000001d153825300, 0x000001d153822570, 0x000001d13cac9e80,
0x000001d1538248e0, 0x000001d1387ffa50, 0x000001d138800470, 0x000001d144fad3d0,
0x000001d144faba80, 0x000001d144fad8e0, 0x000001d144fae300, 0x000001d144fab570,
0x000001d144fabf90, 0x000001d144fae810, 0x000001d15379cf40, 0x000001d1537a0c00,
0x000001d1537a1620, 0x000001d1537a2f70, 0x000001d1537a3990, 0x000001d13b5acd40,
0x000001d13b5ab900, 0x000001d153825810, 0x000001d153824df0, 0x000001d1538234a0,
0x000001d153822f90, 0x000001d153822a80, 0x000001d1538239b0, 0x000001d153823ec0,
0x000001d1537e2760, 0x000001d13b5aa9d0, 0x000001d1537e1d40, 0x000001d13b5a9aa0,
0x000001d1537e1320, 0x000001d1537e2250, 0x000001d13b5abe10, 0x000001d13b5ac320,
0x000001d1537e2c70, 0x000001d13b5ad760, 0x000001d1537e1830, 0x000001d13b5a9fb0,
0x000001d13b5aa4c0, 0x000001d13b5aeba0, 0x000001d13b5ae180, 0x000001d13b5ac830,
0x000001d13b5adc70, 0x000001d13b5ae690, 0x000001d144fac4a0, 0x000001d1537e3690
}

Java Threads: ( => current thread )
  0x000001d157bae650 JavaThread "main" [_thread_blocked, id=804, stack(0x000000d0ffd00000,0x000000d0ffe00000)]
  0x000001d17ace4300 JavaThread "Reference Handler" daemon [_thread_blocked, id=13848, stack(0x000000d080400000,0x000000d080500000)]
  0x000001d17ace80f0 JavaThread "Finalizer" daemon [_thread_blocked, id=2088, stack(0x000000d080500000,0x000000d080600000)]
  0x000001d17acfbb80 JavaThread "Signal Dispatcher" daemon [_thread_blocked, id=17708, stack(0x000000d080600000,0x000000d080700000)]
  0x000001d17acfe460 JavaThread "Attach Listener" daemon [_thread_blocked, id=2248, stack(0x000000d080700000,0x000000d080800000)]
  0x000001d17ad074e0 JavaThread "Service Thread" daemon [_thread_blocked, id=14148, stack(0x000000d080800000,0x000000d080900000)]
  0x000001d17ad07db0 JavaThread "Monitor Deflation Thread" daemon [_thread_blocked, id=10116, stack(0x000000d080900000,0x000000d080a00000)]
  0x000001d17ad0ae30 JavaThread "C2 CompilerThread0" daemon [_thread_blocked, id=17536, stack(0x000000d080a00000,0x000000d080b00000)]
  0x000001d17ad0b740 JavaThread "C1 CompilerThread0" daemon [_thread_blocked, id=17056, stack(0x000000d080b00000,0x000000d080c00000)]
  0x000001d17ad0c050 JavaThread "Sweeper thread" daemon [_thread_blocked, id=9004, stack(0x000000d080c00000,0x000000d080d00000)]
  0x000001d17accb8d0 JavaThread "Common-Cleaner" daemon [_thread_blocked, id=4868, stack(0x000000d080d00000,0x000000d080e00000)]
  0x000001d17f1c4c90 JavaThread "Notification Thread" daemon [_thread_blocked, id=2560, stack(0x000000d080e00000,0x000000d080f00000)]
  0x000001d135d08430 JavaThread "Daemon health stats" [_thread_blocked, id=10204, stack(0x000000d081500000,0x000000d081600000)]
  0x000001d17f972720 JavaThread "Incoming local TCP Connector on port 57520" [_thread_in_native, id=16956, stack(0x000000d081000000,0x000000d081100000)]
  0x000001d13671f0d0 JavaThread "Daemon periodic checks" [_thread_blocked, id=10308, stack(0x000000d081600000,0x000000d081700000)]
  0x000001d135525000 JavaThread "Cache worker for journal cache (C:\Users\marca\.gradle\caches\journal-1)" [_thread_blocked, id=13516, stack(0x000000d081e00000,0x000000d081f00000)]
  0x000001d135522c90 JavaThread "File lock request listener" [_thread_in_native, id=16944, stack(0x000000d081f00000,0x000000d082000000)]
  0x000001d135525a20 JavaThread "Cache worker for file hash cache (C:\Users\marca\.gradle\caches\9.0.0\fileHashes)" [_thread_blocked, id=2524, stack(0x000000d082000000,0x000000d082100000)]
  0x000001d1355236b0 JavaThread "File watcher server" daemon [_thread_in_native, id=1480, stack(0x000000d082a00000,0x000000d082b00000)]
  0x000001d1355240d0 JavaThread "File watcher consumer" daemon [_thread_blocked, id=11368, stack(0x000000d082b00000,0x000000d082c00000)]
  0x000001d135525510 JavaThread "jar transforms" [_thread_blocked, id=10992, stack(0x000000d082200000,0x000000d082300000)]
  0x000001d13578f220 JavaThread "jar transforms Thread 2" [_thread_blocked, id=19252, stack(0x000000d082700000,0x000000d082800000)]
  0x000001d135791fb0 JavaThread "jar transforms Thread 3" [_thread_blocked, id=14156, stack(0x000000d082c00000,0x000000d082d00000)]
  0x000001d1357929d0 JavaThread "Cache worker for file content cache (C:\Users\marca\.gradle\caches\9.0.0\fileContent)" [_thread_blocked, id=13840, stack(0x000000d083100000,0x000000d083200000)]
  0x000001d1357933f0 JavaThread "jar transforms Thread 4" [_thread_blocked, id=18496, stack(0x000000d083400000,0x000000d083500000)]
  0x000001d13578fc40 JavaThread "jar transforms Thread 5" [_thread_blocked, id=11624, stack(0x000000d083500000,0x000000d083600000)]
  0x000001d135794320 JavaThread "jar transforms Thread 6" [_thread_blocked, id=16492, stack(0x000000d083600000,0x000000d083700000)]
  0x000001d135794830 JavaThread "jar transforms Thread 7" [_thread_blocked, id=820, stack(0x000000d083700000,0x000000d083800000)]
  0x000001d135793e10 JavaThread "jar transforms Thread 8" [_thread_blocked, id=11976, stack(0x000000d083800000,0x000000d083900000)]
  0x000001d13ac4dc60 JavaThread "Memory manager" [_thread_blocked, id=6076, stack(0x000000d086000000,0x000000d086100000)]
  0x000001d13ac4fac0 JavaThread "Daemon Thread 2" [_thread_blocked, id=5420, stack(0x000000d081700000,0x000000d081800000)]
  0x000001d15379d450 JavaThread "Daemon worker Thread 2" [_thread_blocked, id=10644, stack(0x000000d081a00000,0x000000d081b00000)]
  0x000001d153342d00 JavaThread "File lock release action executor Thread 5" [_thread_blocked, id=10888, stack(0x000000d081800000,0x000000d081900000)]
  0x000001d1464ac8a0 JavaThread "Handler for socket connection from /127.0.0.1:57520 to /127.0.0.1:52142" [_thread_in_native, id=9304, stack(0x000000d081900000,0x000000d081a00000)]
  0x000001d1464aaf50 JavaThread "Cancel handler" [_thread_blocked, id=6228, stack(0x000000d081c00000,0x000000d081d00000)]
  0x000001d15379d960 JavaThread "Asynchronous log dispatcher for DefaultDaemonConnection: socket connection from /127.0.0.1:57520 to /127.0.0.1:52142" [_thread_blocked, id=10652, stack(0x000000d081d00000,0x000000d081e00000)]
  0x000001d15379e890 JavaThread "Stdin handler" [_thread_blocked, id=7224, stack(0x000000d082100000,0x000000d082200000)]
  0x000001d15379eda0 JavaThread "Daemon client event forwarder" [_thread_blocked, id=12096, stack(0x000000d082800000,0x000000d082900000)]
  0x000001d15379f2b0 JavaThread "Cache worker for file hash cache (C:\dev\Aedrian_xyz\android\.gradle\9.0.0\fileHashes)" [_thread_blocked, id=16728, stack(0x000000d082900000,0x000000d082a00000)]
  0x000001d15379de70 JavaThread "Cache worker for Build Output Cleanup Cache (C:\dev\Aedrian_xyz\android\.gradle\buildOutputCleanup)" [_thread_blocked, id=13728, stack(0x000000d082d00000,0x000000d082e00000)]
  0x000001d15379f7c0 JavaThread "Cache worker for checksums cache (C:\dev\Aedrian_xyz\android\.gradle\9.0.0\checksums)" [_thread_blocked, id=9868, stack(0x000000d082e00000,0x000000d082f00000)]
  0x000001d15379e380 JavaThread "Cache worker for cache directory md-supplier (C:\Users\marca\.gradle\caches\9.0.0\md-supplier)" [_thread_blocked, id=3416, stack(0x000000d083000000,0x000000d083100000)]
  0x000001d15379c520 JavaThread "Cache worker for cache directory md-rule (C:\Users\marca\.gradle\caches\9.0.0\md-rule)" [_thread_blocked, id=2216, stack(0x000000d083200000,0x000000d083300000)]
  0x000001d135537d30 JavaThread "Cache worker for Build Output Cleanup Cache (C:\dev\Aedrian_xyz\node_modules\@react-native\gradle-plugin\.gradle\buildOutputCleanup)" [_thread_blocked, id=816, stack(0x000000d083c00000,0x000000d083d00000)]
  0x000001d135538750 JavaThread "Unconstrained build operations" [_thread_blocked, id=11924, stack(0x000000d083b00000,0x000000d083c00000)]
  0x000001d13553a0a0 JavaThread "Unconstrained build operations Thread 2" [_thread_blocked, id=14600, stack(0x000000d083d00000,0x000000d083e00000)]
  0x000001d13553a5b0 JavaThread "Unconstrained build operations Thread 3" [_thread_blocked, id=8036, stack(0x000000d083e00000,0x000000d083f00000)]
  0x000001d135538240 JavaThread "Unconstrained build operations Thread 4" [_thread_blocked, id=16404, stack(0x000000d083f00000,0x000000d084000000)]
  0x000001d135538c60 JavaThread "Cache worker for Build Output Cleanup Cache (C:\dev\Aedrian_xyz\node_modules\expo-modules-autolinking\android\expo-gradle-plugin\.gradle\buildOutputCleanup)" [_thread_blocked, id=2140, stack(0x000000d084000000,0x000000d084100000)]
  0x000001d13ad9a490 JavaThread "Unconstrained build operations Thread 5" [_thread_blocked, id=15384, stack(0x000000d084200000,0x000000d084300000)]
  0x000001d13ad9aeb0 JavaThread "Unconstrained build operations Thread 6" [_thread_blocked, id=8912, stack(0x000000d084300000,0x000000d084400000)]
  0x000001d138800e90 JavaThread "Unconstrained build operations Thread 7" [_thread_blocked, id=9884, stack(0x000000d084400000,0x000000d084500000)]
  0x000001d1388027e0 JavaThread "Unconstrained build operations Thread 8" [_thread_blocked, id=14188, stack(0x000000d084500000,0x000000d084600000)]
  0x000001d1388013a0 JavaThread "Unconstrained build operations Thread 9" [_thread_blocked, id=16116, stack(0x000000d084600000,0x000000d084700000)]
  0x000001d1388018b0 JavaThread "Unconstrained build operations Thread 10" [_thread_blocked, id=6360, stack(0x000000d084700000,0x000000d084800000)]
  0x000001d138801dc0 JavaThread "Unconstrained build operations Thread 11" [_thread_blocked, id=10556, stack(0x000000d084800000,0x000000d084900000)]
  0x000001d135539170 JavaThread "Unconstrained build operations Thread 12" [_thread_blocked, id=5108, stack(0x000000d084900000,0x000000d084a00000)]
  0x000001d13553aac0 JavaThread "Unconstrained build operations Thread 13" [_thread_blocked, id=16004, stack(0x000000d084a00000,0x000000d084b00000)]
  0x000001d135539680 JavaThread "Unconstrained build operations Thread 14" [_thread_blocked, id=9432, stack(0x000000d084b00000,0x000000d084c00000)]
  0x000001d135539b90 JavaThread "Unconstrained build operations Thread 15" [_thread_blocked, id=15032, stack(0x000000d084c00000,0x000000d084d00000)]
  0x000001d153117320 JavaThread "Unconstrained build operations Thread 16" [_thread_blocked, id=18420, stack(0x000000d084d00000,0x000000d084e00000)]
  0x000001d153116900 JavaThread "Unconstrained build operations Thread 17" [_thread_blocked, id=10328, stack(0x000000d084e00000,0x000000d084f00000)]
  0x000001d153114590 JavaThread "Unconstrained build operations Thread 18" [_thread_blocked, id=4788, stack(0x000000d084f00000,0x000000d085000000)]
  0x000001d153114fb0 JavaThread "build event listener" [_thread_blocked, id=17392, stack(0x000000d085000000,0x000000d085100000)]
  0x000001d153114aa0 JavaThread "Unconstrained build operations Thread 19" [_thread_blocked, id=5424, stack(0x000000d085100000,0x000000d085200000)]
  0x000001d1531159d0 JavaThread "Unconstrained build operations Thread 20" [_thread_blocked, id=18784, stack(0x000000d085200000,0x000000d085300000)]
  0x000001d153115ee0 JavaThread "Unconstrained build operations Thread 21" [_thread_blocked, id=4896, stack(0x000000d085300000,0x000000d085400000)]
  0x000001d1531154c0 JavaThread "Unconstrained build operations Thread 22" [_thread_blocked, id=4084, stack(0x000000d085400000,0x000000d085500000)]
  0x000001d1531163f0 JavaThread "Unconstrained build operations Thread 23" [_thread_blocked, id=11872, stack(0x000000d085500000,0x000000d085600000)]
  0x000001d153116e10 JavaThread "Unconstrained build operations Thread 24" [_thread_blocked, id=16824, stack(0x000000d085600000,0x000000d085700000)]
  0x000001d153117830 JavaThread "Unconstrained build operations Thread 25" [_thread_blocked, id=11796, stack(0x000000d085700000,0x000000d085800000)]
  0x000001d15379ca30 JavaThread "build event listener" [_thread_blocked, id=2400, stack(0x000000d085800000,0x000000d085900000)]
  0x000001d153344650 JavaThread "Unconstrained build operations Thread 26" [_thread_blocked, id=16952, stack(0x000000d084100000,0x000000d084200000)]
  0x000001d153344140 JavaThread "Unconstrained build operations Thread 27" [_thread_blocked, id=5816, stack(0x000000d085900000,0x000000d085a00000)]
  0x000001d153208000 JavaThread "Unconstrained build operations Thread 28" [_thread_blocked, id=2568, stack(0x000000d085d00000,0x000000d085e00000)]
  0x000001d153207af0 JavaThread "Unconstrained build operations Thread 29" [_thread_blocked, id=1260, stack(0x000000d085e00000,0x000000d085f00000)]
  0x000001d153208a20 JavaThread "Unconstrained build operations Thread 30" [_thread_blocked, id=19012, stack(0x000000d085f00000,0x000000d086000000)]
  0x000001d153208510 JavaThread "Unconstrained build operations Thread 31" [_thread_blocked, id=11608, stack(0x000000d086300000,0x000000d086400000)]
  0x000001d1532070d0 JavaThread "Unconstrained build operations Thread 32" [_thread_blocked, id=3532, stack(0x000000d086400000,0x000000d086500000)]
  0x000001d1455930e0 JavaThread "Unconstrained build operations Thread 33" [_thread_blocked, id=8052, stack(0x000000d086500000,0x000000d086600000)]
  0x000001d145594010 JavaThread "Unconstrained build operations Thread 34" [_thread_blocked, id=17644, stack(0x000000d086600000,0x000000d086700000)]
  0x000001d1455935f0 JavaThread "Unconstrained build operations Thread 35" [_thread_blocked, id=13364, stack(0x000000d086700000,0x000000d086800000)]
  0x000001d145593b00 JavaThread "Unconstrained build operations Thread 36" [_thread_blocked, id=13800, stack(0x000000d086800000,0x000000d086900000)]
  0x000001d145594520 JavaThread "Unconstrained build operations Thread 37" [_thread_blocked, id=11968, stack(0x000000d086900000,0x000000d086a00000)]
  0x000001d145594a30 JavaThread "Unconstrained build operations Thread 38" [_thread_blocked, id=14584, stack(0x000000d086a00000,0x000000d086b00000)]
  0x000001d138bf0290 JavaThread "Unconstrained build operations Thread 39" [_thread_blocked, id=1708, stack(0x000000d086b00000,0x000000d086c00000)]
  0x000001d13caca390 JavaThread "ForkJoinPool.commonPool-worker-1" daemon [_thread_blocked, id=18480, stack(0x000000d086c00000,0x000000d086d00000)]
  0x000001d138800980 JavaThread "ForkJoinPool.commonPool-worker-2" daemon [_thread_blocked, id=12808, stack(0x000000d086d00000,0x000000d086e00000)]
  0x000001d138bef870 JavaThread "ForkJoinPool.commonPool-worker-4" daemon [_thread_blocked, id=6736, stack(0x000000d086f00000,0x000000d087000000)]
  0x000001d138bee430 JavaThread "ForkJoinPool.commonPool-worker-5" daemon [_thread_blocked, id=1924, stack(0x000000d087000000,0x000000d087100000)]
  0x000001d1388022d0 JavaThread "ForkJoinPool.commonPool-worker-6" daemon [_thread_blocked, id=12560, stack(0x000000d087100000,0x000000d087200000)]
  0x000001d13caca8a0 JavaThread "ForkJoinPool.commonPool-worker-7" daemon [_thread_blocked, id=12864, stack(0x000000d087200000,0x000000d087300000)]
  0x000001d138bee940 JavaThread "Execution worker" [_thread_blocked, id=18824, stack(0x000000d087800000,0x000000d087900000)]
  0x000001d138befd80 JavaThread "Execution worker Thread 2" [_thread_blocked, id=9288, stack(0x000000d087900000,0x000000d087a00000)]
  0x000001d138beda10 JavaThread "Execution worker Thread 3" [_thread_blocked, id=16220, stack(0x000000d087a00000,0x000000d087b00000)]
  0x000001d153114080 JavaThread "Execution worker Thread 4" [_thread_blocked, id=18344, stack(0x000000d087b00000,0x000000d087c00000)]
  0x000001d153822060 JavaThread "Execution worker Thread 5" [_thread_blocked, id=13484, stack(0x000000d087c00000,0x000000d087d00000)]
  0x000001d153825300 JavaThread "Execution worker Thread 6" [_thread_blocked, id=9528, stack(0x000000d087d00000,0x000000d087e00000)]
  0x000001d153822570 JavaThread "Execution worker Thread 7" [_thread_blocked, id=10288, stack(0x000000d087e00000,0x000000d087f00000)]
  0x000001d13cac9e80 JavaThread "Cache worker for execution history cache (C:\dev\Aedrian_xyz\node_modules\expo-modules-autolinking\android\expo-gradle-plugin\.gradle\9.0.0\executionHistory)" [_thread_blocked, id=19088, stack(0x000000d087f00000,0x000000d088000000)]
  0x000001d1538248e0 JavaThread "Cache worker for execution history cache (C:\dev\Aedrian_xyz\node_modules\@react-native\gradle-plugin\.gradle\9.0.0\executionHistory)" [_thread_blocked, id=14724, stack(0x000000d088000000,0x000000d088100000)]
  0x000001d1387ffa50 JavaThread "Unconstrained build operations Thread 40" [_thread_blocked, id=2300, stack(0x000000d088100000,0x000000d088200000)]
  0x000001d138800470 JavaThread "Unconstrained build operations Thread 41" [_thread_blocked, id=12244, stack(0x000000d088200000,0x000000d088300000)]
  0x000001d144fad3d0 JavaThread "Unconstrained build operations Thread 42" [_thread_blocked, id=13936, stack(0x000000d088300000,0x000000d088400000)]
  0x000001d144faba80 JavaThread "Unconstrained build operations Thread 43" [_thread_blocked, id=1824, stack(0x000000d088400000,0x000000d088500000)]
  0x000001d144fad8e0 JavaThread "Unconstrained build operations Thread 44" [_thread_blocked, id=10604, stack(0x000000d088500000,0x000000d088600000)]
  0x000001d144fae300 JavaThread "Unconstrained build operations Thread 45" [_thread_blocked, id=8660, stack(0x000000d088600000,0x000000d088700000)]
  0x000001d144fab570 JavaThread "Unconstrained build operations Thread 46" [_thread_blocked, id=1800, stack(0x000000d088700000,0x000000d088800000)]
  0x000001d144fabf90 JavaThread "Unconstrained build operations Thread 47" [_thread_blocked, id=18340, stack(0x000000d088800000,0x000000d088900000)]
  0x000001d144fae810 JavaThread "Unconstrained build operations Thread 48" [_thread_blocked, id=13268, stack(0x000000d088900000,0x000000d088a00000)]
  0x000001d15379cf40 JavaThread "Unconstrained build operations Thread 49" [_thread_blocked, id=15640, stack(0x000000d088b00000,0x000000d088c00000)]
  0x000001d1537a0c00 JavaThread "Unconstrained build operations Thread 50" [_thread_blocked, id=12880, stack(0x000000d088c00000,0x000000d088d00000)]
  0x000001d1537a1620 JavaThread "Unconstrained build operations Thread 51" [_thread_blocked, id=18792, stack(0x000000d088d00000,0x000000d088e00000)]
  0x000001d1537a2f70 JavaThread "Unconstrained build operations Thread 52" [_thread_blocked, id=8840, stack(0x000000d088e00000,0x000000d088f00000)]
  0x000001d1537a3990 JavaThread "Unconstrained build operations Thread 53" [_thread_blocked, id=18208, stack(0x000000d088f00000,0x000000d089000000)]
  0x000001d13b5acd40 JavaThread "Unconstrained build operations Thread 54" [_thread_blocked, id=2240, stack(0x000000d089000000,0x000000d089100000)]
  0x000001d13b5ab900 JavaThread "Unconstrained build operations Thread 55" [_thread_blocked, id=1044, stack(0x000000d089100000,0x000000d089200000)]
  0x000001d153825810 JavaThread "Unconstrained build operations Thread 56" [_thread_blocked, id=4772, stack(0x000000d089200000,0x000000d089300000)]
  0x000001d153824df0 JavaThread "Unconstrained build operations Thread 57" [_thread_blocked, id=10436, stack(0x000000d089300000,0x000000d089400000)]
  0x000001d1538234a0 JavaThread "Unconstrained build operations Thread 58" [_thread_blocked, id=4852, stack(0x000000d089400000,0x000000d089500000)]
  0x000001d153822f90 JavaThread "Unconstrained build operations Thread 59" [_thread_blocked, id=17520, stack(0x000000d089500000,0x000000d089600000)]
  0x000001d153822a80 JavaThread "Unconstrained build operations Thread 60" [_thread_blocked, id=11028, stack(0x000000d089600000,0x000000d089700000)]
  0x000001d1538239b0 JavaThread "Unconstrained build operations Thread 61" [_thread_blocked, id=5124, stack(0x000000d089700000,0x000000d089800000)]
  0x000001d153823ec0 JavaThread "Unconstrained build operations Thread 62" [_thread_blocked, id=7664, stack(0x000000d089800000,0x000000d089900000)]
  0x000001d1537e2760 JavaThread "Unconstrained build operations Thread 64" [_thread_blocked, id=5436, stack(0x000000d089900000,0x000000d089a00000)]
  0x000001d13b5aa9d0 JavaThread "Unconstrained build operations Thread 63" [_thread_blocked, id=10512, stack(0x000000d089a00000,0x000000d089b00000)]
  0x000001d1537e1d40 JavaThread "Unconstrained build operations Thread 65" [_thread_blocked, id=7364, stack(0x000000d089b00000,0x000000d089c00000)]
  0x000001d13b5a9aa0 JavaThread "Unconstrained build operations Thread 66" [_thread_blocked, id=6616, stack(0x000000d089c00000,0x000000d089d00000)]
  0x000001d1537e1320 JavaThread "Unconstrained build operations Thread 67" [_thread_blocked, id=9268, stack(0x000000d089d00000,0x000000d089e00000)]
  0x000001d1537e2250 JavaThread "Unconstrained build operations Thread 68" [_thread_blocked, id=6976, stack(0x000000d089e00000,0x000000d089f00000)]
  0x000001d13b5abe10 JavaThread "Unconstrained build operations Thread 69" [_thread_blocked, id=13112, stack(0x000000d089f00000,0x000000d08a000000)]
  0x000001d13b5ac320 JavaThread "Unconstrained build operations Thread 70" [_thread_blocked, id=8444, stack(0x000000d08a000000,0x000000d08a100000)]
  0x000001d1537e2c70 JavaThread "Unconstrained build operations Thread 71" [_thread_blocked, id=4844, stack(0x000000d08a100000,0x000000d08a200000)]
  0x000001d13b5ad760 JavaThread "Unconstrained build operations Thread 72" [_thread_blocked, id=18240, stack(0x000000d08a200000,0x000000d08a300000)]
  0x000001d1537e1830 JavaThread "Unconstrained build operations Thread 73" [_thread_blocked, id=9800, stack(0x000000d08a300000,0x000000d08a400000)]
  0x000001d13b5a9fb0 JavaThread "Unconstrained build operations Thread 74" [_thread_blocked, id=12132, stack(0x000000d08a400000,0x000000d08a500000)]
  0x000001d13b5aa4c0 JavaThread "Unconstrained build operations Thread 75" [_thread_blocked, id=13204, stack(0x000000d08a500000,0x000000d08a600000)]
  0x000001d13b5aeba0 JavaThread "Unconstrained build operations Thread 76" [_thread_blocked, id=9496, stack(0x000000d08a600000,0x000000d08a700000)]
  0x000001d13b5ae180 JavaThread "Unconstrained build operations Thread 77" [_thread_blocked, id=17772, stack(0x000000d08a700000,0x000000d08a800000)]
  0x000001d13b5ac830 JavaThread "Unconstrained build operations Thread 78" [_thread_blocked, id=6372, stack(0x000000d08a800000,0x000000d08a900000)]
  0x000001d13b5adc70 JavaThread "Unconstrained build operations Thread 79" [_thread_blocked, id=12072, stack(0x000000d08a900000,0x000000d08aa00000)]
  0x000001d13b5ae690 JavaThread "Unconstrained build operations Thread 80" [_thread_blocked, id=3804, stack(0x000000d08aa00000,0x000000d08ab00000)]
  0x000001d144fac4a0 JavaThread "Cache worker for Build Output Cleanup Cache (C:\dev\Aedrian_xyz\node_modules\expo-modules-core\expo-module-gradle-plugin\.gradle\buildOutputCleanup)" [_thread_blocked, id=15756, stack(0x000000d088a00000,0x000000d088b00000)]
  0x000001d1537e3690 JavaThread "build event listener" [_thread_blocked, id=12960, stack(0x000000d08ac00000,0x000000d08ad00000)]

Other Threads:
=>0x000001d17acddff0 VMThread "VM Thread" [stack: 0x000000d080300000,0x000000d080400000] [id=13172]
  0x000001d157baf3e0 WatcherThread [stack: 0x000000d080f00000,0x000000d081000000] [id=9872]
  0x000001d157c1fa90 GCTaskThread "GC Thread#0" [stack: 0x000000d0ffe00000,0x000000d0fff00000] [id=4952]
  0x000001d17f3cd6f0 GCTaskThread "GC Thread#1" [stack: 0x000000d081200000,0x000000d081300000] [id=17440]
  0x000001d17f292aa0 GCTaskThread "GC Thread#2" [stack: 0x000000d081300000,0x000000d081400000] [id=18020]
  0x000001d17f292d70 GCTaskThread "GC Thread#3" [stack: 0x000000d081400000,0x000000d081500000] [id=11916]
  0x000001d13547aa90 GCTaskThread "GC Thread#4" [stack: 0x000000d081100000,0x000000d081200000] [id=13056]
  0x000001d1350394b0 GCTaskThread "GC Thread#5" [stack: 0x000000d082300000,0x000000d082400000] [id=11684]
  0x000001d135039780 GCTaskThread "GC Thread#6" [stack: 0x000000d082400000,0x000000d082500000] [id=840]
  0x000001d1350391e0 GCTaskThread "GC Thread#7" [stack: 0x000000d082500000,0x000000d082600000] [id=2936]
  0x000001d157c315d0 ConcurrentGCThread "G1 Main Marker" [stack: 0x000000d0fff00000,0x000000d100000000] [id=15000]
  0x000001d157c31f00 ConcurrentGCThread "G1 Conc#0" [stack: 0x000000d080000000,0x000000d080100000] [id=8900]
  0x000001d1367876f0 ConcurrentGCThread "G1 Conc#1" [stack: 0x000000d082600000,0x000000d082700000] [id=9300]
  0x000001d17ab92580 ConcurrentGCThread "G1 Refine#0" [stack: 0x000000d080100000,0x000000d080200000] [id=14884]
  0x000001d17f6554e0 ConcurrentGCThread "G1 Refine#1" [stack: 0x000000d082f00000,0x000000d083000000] [id=6112]
  0x000001d137496370 ConcurrentGCThread "G1 Refine#2" [stack: 0x000000d085a00000,0x000000d085b00000] [id=17624]
  0x000001d137497870 ConcurrentGCThread "G1 Refine#3" [stack: 0x000000d085b00000,0x000000d085c00000] [id=5676]
  0x000001d137496c70 ConcurrentGCThread "G1 Refine#4" [stack: 0x000000d085c00000,0x000000d085d00000] [id=18724]
  0x000001d138ed5b00 ConcurrentGCThread "G1 Refine#5" [stack: 0x000000d086100000,0x000000d086200000] [id=16084]
  0x000001d138ed6400 ConcurrentGCThread "G1 Refine#6" [stack: 0x000000d086200000,0x000000d086300000] [id=5960]
  0x000001d17ab93de0 ConcurrentGCThread "G1 Service" [stack: 0x000000d080200000,0x000000d080300000] [id=15200]

Threads with active compile tasks:

VM state: at safepoint (normal execution)

VM Mutex/Monitor currently owned by a thread:  ([mutex/lock_event])
[0x000001d155840b70] Threads_lock - owner thread: 0x000001d17acddff0
[0x000001d157bab930] Heap_lock - owner thread: 0x000001d15379d450

Heap address: 0x0000000700000000, size: 4096 MB, Compressed Oops mode: Zero based, Oop shift amount: 3

CDS archive(s) mapped at: [0x000001d100000000-0x000001d100bb0000-0x000001d100bb0000), size 12255232, SharedBaseAddress: 0x000001d100000000, ArchiveRelocationMode: 1.
Compressed class space mapped at: 0x000001d101000000-0x000001d135000000, reserved size: 872415232
Narrow klass base: 0x000001d100000000, Narrow klass shift: 0, Narrow klass range: 0x100000000

GC Precious Log:
 CPUs: 8 total, 8 available
 Memory: 12121M
 Large Page Support: Disabled
 NUMA Support: Disabled
 Compressed Oops: Enabled (Zero based)
 Heap Region Size: 2M
 Heap Min Capacity: 8M
 Heap Initial Capacity: 190M
 Heap Max Capacity: 4G
 Pre-touch: Disabled
 Parallel Workers: 8
 Concurrent Workers: 2
 Concurrent Refinement Workers: 8
 Periodic GC: Disabled

Heap:
 garbage-first heap   total 1153024K, used 195575K [0x0000000700000000, 0x0000000800000000)
  region size 2048K, 21 young (43008K), 21 survivors (43008K)
 Metaspace       used 158464K, committed 160512K, reserved 1048576K
  class space    used 20068K, committed 21056K, reserved 851968K

Heap Regions: E=young(eden), S=young(survivor), O=old, HS=humongous(starts), HC=humongous(continues), CS=collection set, F=free, OA=open archive, CA=closed archive, TAMS=top-at-mark-start (previous, next)
|   0|0x0000000700000000, 0x0000000700200000, 0x0000000700200000|100%|HS|  |TAMS 0x0000000700200000, 0x0000000700200000| Complete 
|   1|0x0000000700200000, 0x0000000700400000, 0x0000000700400000|100%|HC|  |TAMS 0x0000000700400000, 0x0000000700400000| Complete 
|   2|0x0000000700400000, 0x0000000700600000, 0x0000000700600000|100%| O|  |TAMS 0x0000000700600000, 0x0000000700600000| Untracked 
|   3|0x0000000700600000, 0x0000000700800000, 0x0000000700800000|100%| O|  |TAMS 0x0000000700800000, 0x0000000700800000| Untracked 
|   4|0x0000000700800000, 0x0000000700a00000, 0x0000000700a00000|100%| O|  |TAMS 0x0000000700a00000, 0x0000000700a00000| Untracked 
|   5|0x0000000700a00000, 0x0000000700c00000, 0x0000000700c00000|100%| O|  |TAMS 0x0000000700c00000, 0x0000000700c00000| Untracked 
|   6|0x0000000700c00000, 0x0000000700e00000, 0x0000000700e00000|100%| O|  |TAMS 0x0000000700e00000, 0x0000000700e00000| Untracked 
|   7|0x0000000700e00000, 0x0000000701000000, 0x0000000701000000|100%| O|  |TAMS 0x0000000701000000, 0x0000000701000000| Untracked 
|   8|0x0000000701000000, 0x0000000701200000, 0x0000000701200000|100%| O|  |TAMS 0x0000000701200000, 0x0000000701200000| Untracked 
|   9|0x0000000701200000, 0x0000000701400000, 0x0000000701400000|100%| O|  |TAMS 0x0000000701400000, 0x0000000701400000| Untracked 
|  10|0x0000000701400000, 0x0000000701600000, 0x0000000701600000|100%| O|  |TAMS 0x0000000701600000, 0x0000000701600000| Untracked 
|  11|0x0000000701600000, 0x0000000701800000, 0x0000000701800000|100%| O|  |TAMS 0x0000000701800000, 0x0000000701800000| Untracked 
|  12|0x0000000701800000, 0x0000000701a00000, 0x0000000701a00000|100%| O|  |TAMS 0x0000000701a00000, 0x0000000701a00000| Untracked 
|  13|0x0000000701a00000, 0x0000000701c00000, 0x0000000701c00000|100%| O|  |TAMS 0x0000000701c00000, 0x0000000701c00000| Untracked 
|  14|0x0000000701c00000, 0x0000000701e00000, 0x0000000701e00000|100%| O|  |TAMS 0x0000000701e00000, 0x0000000701e00000| Untracked 
|  15|0x0000000701e00000, 0x0000000702000000, 0x0000000702000000|100%| O|  |TAMS 0x0000000702000000, 0x0000000702000000| Untracked 
|  16|0x0000000702000000, 0x0000000702200000, 0x0000000702200000|100%| O|  |TAMS 0x0000000702200000, 0x0000000702200000| Untracked 
|  17|0x0000000702200000, 0x0000000702400000, 0x0000000702400000|100%| O|  |TAMS 0x0000000702400000, 0x0000000702400000| Untracked 
|  18|0x0000000702400000, 0x0000000702600000, 0x0000000702600000|100%| O|  |TAMS 0x0000000702400000, 0x0000000702400000| Untracked 
|  19|0x0000000702600000, 0x0000000702800000, 0x0000000702800000|100%| O|  |TAMS 0x0000000702800000, 0x0000000702800000| Untracked 
|  20|0x0000000702800000, 0x0000000702a00000, 0x0000000702a00000|100%| O|  |TAMS 0x0000000702a00000, 0x0000000702a00000| Untracked 
|  21|0x0000000702a00000, 0x0000000702c00000, 0x0000000702c00000|100%| O|  |TAMS 0x0000000702c00000, 0x0000000702c00000| Untracked 
|  22|0x0000000702c00000, 0x0000000702e00000, 0x0000000702e00000|100%| O|  |TAMS 0x0000000702e00000, 0x0000000702e00000| Untracked 
|  23|0x0000000702e00000, 0x0000000703000000, 0x0000000703000000|100%| O|  |TAMS 0x0000000703000000, 0x0000000703000000| Untracked 
|  24|0x0000000703000000, 0x0000000703200000, 0x0000000703200000|100%| O|  |TAMS 0x0000000703200000, 0x0000000703200000| Untracked 
|  25|0x0000000703200000, 0x0000000703400000, 0x0000000703400000|100%|HS|  |TAMS 0x0000000703400000, 0x0000000703400000| Complete 
|  26|0x0000000703400000, 0x0000000703600000, 0x0000000703600000|100%|HC|  |TAMS 0x0000000703600000, 0x0000000703600000| Complete 
|  27|0x0000000703600000, 0x0000000703800000, 0x0000000703800000|100%|HS|  |TAMS 0x0000000703800000, 0x0000000703800000| Complete 
|  28|0x0000000703800000, 0x0000000703a00000, 0x0000000703a00000|100%|HC|  |TAMS 0x0000000703a00000, 0x0000000703a00000| Complete 
|  29|0x0000000703a00000, 0x0000000703c00000, 0x0000000703c00000|100%| O|  |TAMS 0x0000000703a00000, 0x0000000703a00000| Untracked 
|  30|0x0000000703c00000, 0x0000000703e00000, 0x0000000703e00000|100%| O|  |TAMS 0x0000000703e00000, 0x0000000703e00000| Untracked 
|  31|0x0000000703e00000, 0x0000000704000000, 0x0000000704000000|100%| O|  |TAMS 0x0000000703e00000, 0x0000000703e00000| Untracked 
|  32|0x0000000704000000, 0x0000000704200000, 0x0000000704200000|100%| O|  |TAMS 0x0000000704000000, 0x0000000704000000| Untracked 
|  33|0x0000000704200000, 0x0000000704400000, 0x0000000704400000|100%| O|  |TAMS 0x0000000704200000, 0x0000000704200000| Untracked 
|  34|0x0000000704400000, 0x0000000704600000, 0x0000000704600000|100%| O|  |TAMS 0x0000000704600000, 0x0000000704600000| Untracked 
|  35|0x0000000704600000, 0x0000000704800000, 0x0000000704800000|100%| O|  |TAMS 0x0000000704800000, 0x0000000704800000| Untracked 
|  36|0x0000000704800000, 0x0000000704a00000, 0x0000000704a00000|100%| O|  |TAMS 0x0000000704a00000, 0x0000000704a00000| Untracked 
|  37|0x0000000704a00000, 0x0000000704c00000, 0x0000000704c00000|100%| O|  |TAMS 0x0000000704c00000, 0x0000000704c00000| Untracked 
|  38|0x0000000704c00000, 0x0000000704e00000, 0x0000000704e00000|100%| O|  |TAMS 0x0000000704e00000, 0x0000000704e00000| Untracked 
|  39|0x0000000704e00000, 0x0000000705000000, 0x0000000705000000|100%| O|  |TAMS 0x0000000704e00000, 0x0000000704e00000| Untracked 
|  40|0x0000000705000000, 0x0000000705200000, 0x0000000705200000|100%| O|  |TAMS 0x0000000705200000, 0x0000000705200000| Untracked 
|  41|0x0000000705200000, 0x0000000705400000, 0x0000000705400000|100%| O|  |TAMS 0x0000000705200000, 0x0000000705200000| Untracked 
|  42|0x0000000705400000, 0x0000000705600000, 0x0000000705600000|100%| O|  |TAMS 0x0000000705400000, 0x0000000705600000| Untracked 
|  43|0x0000000705600000, 0x0000000705800000, 0x0000000705800000|100%| O|  |TAMS 0x0000000705600000, 0x0000000705800000| Untracked 
|  44|0x0000000705800000, 0x0000000705a00000, 0x0000000705a00000|100%| O|  |TAMS 0x0000000705800000, 0x0000000705a00000| Untracked 
|  45|0x0000000705a00000, 0x0000000705c00000, 0x0000000705c00000|100%| O|  |TAMS 0x0000000705a00000, 0x0000000705c00000| Untracked 
|  46|0x0000000705c00000, 0x0000000705e00000, 0x0000000705e00000|100%| O|  |TAMS 0x0000000705c00000, 0x0000000705e00000| Untracked 
|  47|0x0000000705e00000, 0x0000000706000000, 0x0000000706000000|100%| O|  |TAMS 0x0000000706000000, 0x0000000706000000| Untracked 
|  48|0x0000000706000000, 0x0000000706200000, 0x0000000706200000|100%| O|  |TAMS 0x0000000706000000, 0x0000000706200000| Untracked 
|  49|0x0000000706200000, 0x0000000706400000, 0x0000000706400000|100%| O|  |TAMS 0x0000000706400000, 0x0000000706400000| Untracked 
|  50|0x0000000706400000, 0x0000000706600000, 0x0000000706600000|100%| O|  |TAMS 0x0000000706400000, 0x0000000706600000| Untracked 
|  51|0x0000000706600000, 0x0000000706800000, 0x0000000706800000|100%| O|  |TAMS 0x0000000706600000, 0x0000000706600000| Untracked 
|  52|0x0000000706800000, 0x0000000706a00000, 0x0000000706a00000|100%| O|  |TAMS 0x0000000706800000, 0x0000000706800000| Untracked 
|  53|0x0000000706a00000, 0x0000000706c00000, 0x0000000706c00000|100%| O|  |TAMS 0x0000000706a00000, 0x0000000706c00000| Untracked 
|  54|0x0000000706c00000, 0x0000000706e00000, 0x0000000706e00000|100%| O|  |TAMS 0x0000000706e00000, 0x0000000706e00000| Untracked 
|  55|0x0000000706e00000, 0x0000000707000000, 0x0000000707000000|100%| O|  |TAMS 0x0000000707000000, 0x0000000707000000| Untracked 
|  56|0x0000000707000000, 0x0000000707200000, 0x0000000707200000|100%| O|  |TAMS 0x0000000707000000, 0x0000000707200000| Untracked 
|  57|0x0000000707200000, 0x0000000707400000, 0x0000000707400000|100%| O|  |TAMS 0x0000000707200000, 0x0000000707200000| Untracked 
|  58|0x0000000707400000, 0x00000007074fde00, 0x0000000707600000| 49%| O|  |TAMS 0x0000000707400000, 0x0000000707400000| Untracked 
|  59|0x0000000707600000, 0x0000000707800000, 0x0000000707800000|100%| O|  |TAMS 0x0000000707800000, 0x0000000707800000| Untracked 
|  60|0x0000000707800000, 0x0000000707800000, 0x0000000707a00000|  0%| F|  |TAMS 0x0000000707800000, 0x0000000707800000| Untracked 
|  61|0x0000000707a00000, 0x0000000707c00000, 0x0000000707c00000|100%| O|  |TAMS 0x0000000707c00000, 0x0000000707c00000| Untracked 
|  62|0x0000000707c00000, 0x0000000707e00000, 0x0000000707e00000|100%| O|  |TAMS 0x0000000707e00000, 0x0000000707e00000| Untracked 
|  63|0x0000000707e00000, 0x0000000708000000, 0x0000000708000000|100%| O|  |TAMS 0x0000000708000000, 0x0000000708000000| Untracked 
|  64|0x0000000708000000, 0x0000000708200000, 0x0000000708200000|100%| O|  |TAMS 0x0000000708200000, 0x0000000708200000| Untracked 
|  65|0x0000000708200000, 0x0000000708400000, 0x0000000708400000|100%| O|  |TAMS 0x0000000708400000, 0x0000000708400000| Untracked 
|  66|0x0000000708400000, 0x0000000708600000, 0x0000000708600000|100%| O|  |TAMS 0x0000000708400000, 0x0000000708600000| Untracked 
|  67|0x0000000708600000, 0x0000000708800000, 0x0000000708800000|100%| O|  |TAMS 0x0000000708600000, 0x0000000708800000| Untracked 
|  68|0x0000000708800000, 0x0000000708800000, 0x0000000708a00000|  0%| F|  |TAMS 0x0000000708800000, 0x0000000708800000| Untracked 
|  69|0x0000000708a00000, 0x0000000708a00000, 0x0000000708c00000|  0%| F|  |TAMS 0x0000000708a00000, 0x0000000708a00000| Untracked 
|  70|0x0000000708c00000, 0x0000000708e00000, 0x0000000708e00000|100%| O|  |TAMS 0x0000000708c00000, 0x0000000708e00000| Untracked 
|  71|0x0000000708e00000, 0x0000000709000000, 0x0000000709000000|100%| O|  |TAMS 0x0000000708e00000, 0x0000000708f54800| Untracked 
|  72|0x0000000709000000, 0x0000000709000000, 0x0000000709200000|  0%| F|  |TAMS 0x0000000709000000, 0x0000000709000000| Untracked 
|  73|0x0000000709200000, 0x0000000709200000, 0x0000000709400000|  0%| F|  |TAMS 0x0000000709200000, 0x0000000709200000| Untracked 
|  74|0x0000000709400000, 0x0000000709400000, 0x0000000709600000|  0%| F|  |TAMS 0x0000000709400000, 0x0000000709400000| Untracked 
|  75|0x0000000709600000, 0x0000000709600000, 0x0000000709800000|  0%| F|  |TAMS 0x0000000709600000, 0x0000000709600000| Untracked 
|  76|0x0000000709800000, 0x0000000709800000, 0x0000000709a00000|  0%| F|  |TAMS 0x0000000709800000, 0x0000000709800000| Untracked 
|  77|0x0000000709a00000, 0x0000000709a00000, 0x0000000709c00000|  0%| F|  |TAMS 0x0000000709a00000, 0x0000000709a00000| Untracked 
|  78|0x0000000709c00000, 0x0000000709c00000, 0x0000000709e00000|  0%| F|  |TAMS 0x0000000709c00000, 0x0000000709c00000| Untracked 
|  79|0x0000000709e00000, 0x0000000709e00000, 0x000000070a000000|  0%| F|  |TAMS 0x0000000709e00000, 0x0000000709e00000| Untracked 
|  80|0x000000070a000000, 0x000000070a000000, 0x000000070a200000|  0%| F|  |TAMS 0x000000070a000000, 0x000000070a000000| Untracked 
|  81|0x000000070a200000, 0x000000070a200000, 0x000000070a400000|  0%| F|  |TAMS 0x000000070a200000, 0x000000070a200000| Untracked 
|  82|0x000000070a400000, 0x000000070a400000, 0x000000070a600000|  0%| F|  |TAMS 0x000000070a400000, 0x000000070a400000| Untracked 
|  83|0x000000070a600000, 0x000000070a600000, 0x000000070a800000|  0%| F|  |TAMS 0x000000070a600000, 0x000000070a600000| Untracked 
|  84|0x000000070a800000, 0x000000070a800000, 0x000000070aa00000|  0%| F|  |TAMS 0x000000070a800000, 0x000000070a800000| Untracked 
|  85|0x000000070aa00000, 0x000000070aa00000, 0x000000070ac00000|  0%| F|  |TAMS 0x000000070aa00000, 0x000000070aa00000| Untracked 
|  86|0x000000070ac00000, 0x000000070ac00000, 0x000000070ae00000|  0%| F|  |TAMS 0x000000070ac00000, 0x000000070ac00000| Untracked 
|  87|0x000000070ae00000, 0x000000070ae00000, 0x000000070b000000|  0%| F|  |TAMS 0x000000070ae00000, 0x000000070ae00000| Untracked 
|  88|0x000000070b000000, 0x000000070b000000, 0x000000070b200000|  0%| F|  |TAMS 0x000000070b000000, 0x000000070b000000| Untracked 
|  89|0x000000070b200000, 0x000000070b200000, 0x000000070b400000|  0%| F|  |TAMS 0x000000070b200000, 0x000000070b200000| Untracked 
|  90|0x000000070b400000, 0x000000070b400000, 0x000000070b600000|  0%| F|  |TAMS 0x000000070b400000, 0x000000070b400000| Untracked 
|  91|0x000000070b600000, 0x000000070b600000, 0x000000070b800000|  0%| F|  |TAMS 0x000000070b600000, 0x000000070b600000| Untracked 
|  92|0x000000070b800000, 0x000000070b800000, 0x000000070ba00000|  0%| F|  |TAMS 0x000000070b800000, 0x000000070b800000| Untracked 
|  93|0x000000070ba00000, 0x000000070ba00000, 0x000000070bc00000|  0%| F|  |TAMS 0x000000070ba00000, 0x000000070ba00000| Untracked 
|  94|0x000000070bc00000, 0x000000070bc00000, 0x000000070be00000|  0%| F|  |TAMS 0x000000070bc00000, 0x000000070bc00000| Untracked 
|  95|0x000000070be00000, 0x000000070be00000, 0x000000070c000000|  0%| F|  |TAMS 0x000000070be00000, 0x000000070be00000| Untracked 
|  96|0x000000070c000000, 0x000000070c000000, 0x000000070c200000|  0%| F|  |TAMS 0x000000070c000000, 0x000000070c000000| Untracked 
|  97|0x000000070c200000, 0x000000070c200000, 0x000000070c400000|  0%| F|  |TAMS 0x000000070c200000, 0x000000070c200000| Untracked 
|  98|0x000000070c400000, 0x000000070c400000, 0x000000070c600000|  0%| F|  |TAMS 0x000000070c400000, 0x000000070c400000| Untracked 
|  99|0x000000070c600000, 0x000000070c600000, 0x000000070c800000|  0%| F|  |TAMS 0x000000070c600000, 0x000000070c600000| Untracked 
| 100|0x000000070c800000, 0x000000070c800000, 0x000000070ca00000|  0%| F|  |TAMS 0x000000070c800000, 0x000000070c800000| Untracked 
| 101|0x000000070ca00000, 0x000000070ca00000, 0x000000070cc00000|  0%| F|  |TAMS 0x000000070ca00000, 0x000000070ca00000| Untracked 
| 102|0x000000070cc00000, 0x000000070cc00000, 0x000000070ce00000|  0%| F|  |TAMS 0x000000070cc00000, 0x000000070cc00000| Untracked 
| 103|0x000000070ce00000, 0x000000070ce00000, 0x000000070d000000|  0%| F|  |TAMS 0x000000070ce00000, 0x000000070ce00000| Untracked 
| 104|0x000000070d000000, 0x000000070d000000, 0x000000070d200000|  0%| F|  |TAMS 0x000000070d000000, 0x000000070d000000| Untracked 
| 105|0x000000070d200000, 0x000000070d200000, 0x000000070d400000|  0%| F|  |TAMS 0x000000070d200000, 0x000000070d200000| Untracked 
| 106|0x000000070d400000, 0x000000070d600000, 0x000000070d600000|100%| S|CS|TAMS 0x000000070d400000, 0x000000070d400000| Complete 
| 107|0x000000070d600000, 0x000000070d800000, 0x000000070d800000|100%| S|CS|TAMS 0x000000070d600000, 0x000000070d600000| Complete 
| 108|0x000000070d800000, 0x000000070da00000, 0x000000070da00000|100%| S|CS|TAMS 0x000000070d800000, 0x000000070d800000| Complete 
| 109|0x000000070da00000, 0x000000070dc00000, 0x000000070dc00000|100%| O|  |TAMS 0x000000070dc00000, 0x000000070dc00000| Untracked 
| 110|0x000000070dc00000, 0x000000070de00000, 0x000000070de00000|100%| O|  |TAMS 0x000000070de00000, 0x000000070de00000| Untracked 
| 111|0x000000070de00000, 0x000000070e000000, 0x000000070e000000|100%| O|  |TAMS 0x000000070e000000, 0x000000070e000000| Untracked 
| 112|0x000000070e000000, 0x000000070e200000, 0x000000070e200000|100%| O|  |TAMS 0x000000070e200000, 0x000000070e200000| Untracked 
| 113|0x000000070e200000, 0x000000070e400000, 0x000000070e400000|100%| O|  |TAMS 0x000000070e400000, 0x000000070e400000| Untracked 
| 114|0x000000070e400000, 0x000000070e600000, 0x000000070e600000|100%| S|CS|TAMS 0x000000070e400000, 0x000000070e400000| Complete 
| 115|0x000000070e600000, 0x000000070e800000, 0x000000070e800000|100%| S|CS|TAMS 0x000000070e600000, 0x000000070e600000| Complete 
| 116|0x000000070e800000, 0x000000070ea00000, 0x000000070ea00000|100%| S|CS|TAMS 0x000000070e800000, 0x000000070e800000| Complete 
| 117|0x000000070ea00000, 0x000000070ec00000, 0x000000070ec00000|100%| S|CS|TAMS 0x000000070ea00000, 0x000000070ea00000| Complete 
| 118|0x000000070ec00000, 0x000000070ee00000, 0x000000070ee00000|100%| S|CS|TAMS 0x000000070ec00000, 0x000000070ec00000| Complete 
| 119|0x000000070ee00000, 0x000000070f000000, 0x000000070f000000|100%| S|CS|TAMS 0x000000070ee00000, 0x000000070ee00000| Complete 
| 120|0x000000070f000000, 0x000000070f200000, 0x000000070f200000|100%| S|CS|TAMS 0x000000070f000000, 0x000000070f000000| Complete 
| 121|0x000000070f200000, 0x000000070f400000, 0x000000070f400000|100%| S|CS|TAMS 0x000000070f200000, 0x000000070f200000| Complete 
| 122|0x000000070f400000, 0x000000070f600000, 0x000000070f600000|100%| S|CS|TAMS 0x000000070f400000, 0x000000070f400000| Complete 
| 123|0x000000070f600000, 0x000000070f800000, 0x000000070f800000|100%| S|CS|TAMS 0x000000070f600000, 0x000000070f600000| Complete 
| 124|0x000000070f800000, 0x000000070fa00000, 0x000000070fa00000|100%| S|CS|TAMS 0x000000070f800000, 0x000000070f800000| Complete 
| 125|0x000000070fa00000, 0x000000070fc00000, 0x000000070fc00000|100%| S|CS|TAMS 0x000000070fa00000, 0x000000070fa00000| Complete 
| 126|0x000000070fc00000, 0x000000070fe00000, 0x000000070fe00000|100%| S|CS|TAMS 0x000000070fc00000, 0x000000070fc00000| Complete 
| 127|0x000000070fe00000, 0x0000000710000000, 0x0000000710000000|100%| S|CS|TAMS 0x000000070fe00000, 0x000000070fe00000| Complete 
| 128|0x0000000710000000, 0x0000000710200000, 0x0000000710200000|100%| S|CS|TAMS 0x0000000710000000, 0x0000000710000000| Complete 
| 129|0x0000000710200000, 0x0000000710400000, 0x0000000710400000|100%| S|CS|TAMS 0x0000000710200000, 0x0000000710200000| Complete 
| 130|0x0000000710400000, 0x0000000710600000, 0x0000000710600000|100%| S|CS|TAMS 0x0000000710400000, 0x0000000710400000| Complete 
| 131|0x0000000710600000, 0x0000000710800000, 0x0000000710800000|100%| S|CS|TAMS 0x0000000710600000, 0x0000000710600000| Complete 
| 132|0x0000000710800000, 0x0000000710800000, 0x0000000710a00000|  0%| F|  |TAMS 0x0000000710800000, 0x0000000710800000| Untracked 
| 133|0x0000000710a00000, 0x0000000710a00000, 0x0000000710c00000|  0%| F|  |TAMS 0x0000000710a00000, 0x0000000710a00000| Untracked 
| 134|0x0000000710c00000, 0x0000000710e00000, 0x0000000710e00000|100%| O|  |TAMS 0x0000000710e00000, 0x0000000710e00000| Untracked 
| 135|0x0000000710e00000, 0x0000000710e00000, 0x0000000711000000|  0%| F|  |TAMS 0x0000000710e00000, 0x0000000710e00000| Untracked 
| 136|0x0000000711000000, 0x0000000711000000, 0x0000000711200000|  0%| F|  |TAMS 0x0000000711000000, 0x0000000711000000| Untracked 
| 137|0x0000000711200000, 0x0000000711200000, 0x0000000711400000|  0%| F|  |TAMS 0x0000000711200000, 0x0000000711200000| Untracked 
| 138|0x0000000711400000, 0x0000000711400000, 0x0000000711600000|  0%| F|  |TAMS 0x0000000711400000, 0x0000000711400000| Untracked 
| 139|0x0000000711600000, 0x0000000711600000, 0x0000000711800000|  0%| F|  |TAMS 0x0000000711600000, 0x0000000711600000| Untracked 
| 140|0x0000000711800000, 0x0000000711800000, 0x0000000711a00000|  0%| F|  |TAMS 0x0000000711800000, 0x0000000711800000| Untracked 
| 141|0x0000000711a00000, 0x0000000711a00000, 0x0000000711c00000|  0%| F|  |TAMS 0x0000000711a00000, 0x0000000711a00000| Untracked 
| 142|0x0000000711c00000, 0x0000000711c00000, 0x0000000711e00000|  0%| F|  |TAMS 0x0000000711c00000, 0x0000000711c00000| Untracked 
| 143|0x0000000711e00000, 0x0000000711e00000, 0x0000000712000000|  0%| F|  |TAMS 0x0000000711e00000, 0x0000000711e00000| Untracked 
| 144|0x0000000712000000, 0x0000000712000000, 0x0000000712200000|  0%| F|  |TAMS 0x0000000712000000, 0x0000000712000000| Untracked 
| 145|0x0000000712200000, 0x0000000712200000, 0x0000000712400000|  0%| F|  |TAMS 0x0000000712200000, 0x0000000712200000| Untracked 
| 146|0x0000000712400000, 0x0000000712400000, 0x0000000712600000|  0%| F|  |TAMS 0x0000000712400000, 0x0000000712400000| Untracked 
| 147|0x0000000712600000, 0x0000000712600000, 0x0000000712800000|  0%| F|  |TAMS 0x0000000712600000, 0x0000000712600000| Untracked 
| 148|0x0000000712800000, 0x0000000712800000, 0x0000000712a00000|  0%| F|  |TAMS 0x0000000712800000, 0x0000000712800000| Untracked 
| 149|0x0000000712a00000, 0x0000000712a00000, 0x0000000712c00000|  0%| F|  |TAMS 0x0000000712a00000, 0x0000000712a00000| Untracked 
| 150|0x0000000712c00000, 0x0000000712c00000, 0x0000000712e00000|  0%| F|  |TAMS 0x0000000712c00000, 0x0000000712c00000| Untracked 
| 151|0x0000000712e00000, 0x0000000712e00000, 0x0000000713000000|  0%| F|  |TAMS 0x0000000712e00000, 0x0000000712e00000| Untracked 
| 152|0x0000000713000000, 0x0000000713000000, 0x0000000713200000|  0%| F|  |TAMS 0x0000000713000000, 0x0000000713000000| Untracked 
| 153|0x0000000713200000, 0x0000000713200000, 0x0000000713400000|  0%| F|  |TAMS 0x0000000713200000, 0x0000000713200000| Untracked 
| 154|0x0000000713400000, 0x0000000713400000, 0x0000000713600000|  0%| F|  |TAMS 0x0000000713400000, 0x0000000713400000| Untracked 
| 155|0x0000000713600000, 0x0000000713600000, 0x0000000713800000|  0%| F|  |TAMS 0x0000000713600000, 0x0000000713600000| Untracked 
| 156|0x0000000713800000, 0x0000000713800000, 0x0000000713a00000|  0%| F|  |TAMS 0x0000000713800000, 0x0000000713800000| Untracked 
| 157|0x0000000713a00000, 0x0000000713a00000, 0x0000000713c00000|  0%| F|  |TAMS 0x0000000713a00000, 0x0000000713a00000| Untracked 
| 158|0x0000000713c00000, 0x0000000713c00000, 0x0000000713e00000|  0%| F|  |TAMS 0x0000000713c00000, 0x0000000713c00000| Untracked 
| 159|0x0000000713e00000, 0x0000000713e00000, 0x0000000714000000|  0%| F|  |TAMS 0x0000000713e00000, 0x0000000713e00000| Untracked 
| 160|0x0000000714000000, 0x0000000714000000, 0x0000000714200000|  0%| F|  |TAMS 0x0000000714000000, 0x0000000714000000| Untracked 
| 161|0x0000000714200000, 0x0000000714200000, 0x0000000714400000|  0%| F|  |TAMS 0x0000000714200000, 0x0000000714200000| Untracked 
| 162|0x0000000714400000, 0x0000000714400000, 0x0000000714600000|  0%| F|  |TAMS 0x0000000714400000, 0x0000000714400000| Untracked 
| 163|0x0000000714600000, 0x0000000714600000, 0x0000000714800000|  0%| F|  |TAMS 0x0000000714600000, 0x0000000714600000| Untracked 
| 164|0x0000000714800000, 0x0000000714800000, 0x0000000714a00000|  0%| F|  |TAMS 0x0000000714800000, 0x0000000714800000| Untracked 
| 165|0x0000000714a00000, 0x0000000714a00000, 0x0000000714c00000|  0%| F|  |TAMS 0x0000000714a00000, 0x0000000714a00000| Untracked 
| 166|0x0000000714c00000, 0x0000000714c00000, 0x0000000714e00000|  0%| F|  |TAMS 0x0000000714c00000, 0x0000000714c00000| Untracked 
| 167|0x0000000714e00000, 0x0000000714e00000, 0x0000000715000000|  0%| F|  |TAMS 0x0000000714e00000, 0x0000000714e00000| Untracked 
| 168|0x0000000715000000, 0x0000000715000000, 0x0000000715200000|  0%| F|  |TAMS 0x0000000715000000, 0x0000000715000000| Untracked 
| 169|0x0000000715200000, 0x0000000715200000, 0x0000000715400000|  0%| F|  |TAMS 0x0000000715200000, 0x0000000715200000| Untracked 
| 170|0x0000000715400000, 0x0000000715400000, 0x0000000715600000|  0%| F|  |TAMS 0x0000000715400000, 0x0000000715400000| Untracked 
| 171|0x0000000715600000, 0x0000000715600000, 0x0000000715800000|  0%| F|  |TAMS 0x0000000715600000, 0x0000000715600000| Untracked 
| 172|0x0000000715800000, 0x0000000715800000, 0x0000000715a00000|  0%| F|  |TAMS 0x0000000715800000, 0x0000000715800000| Untracked 
| 173|0x0000000715a00000, 0x0000000715a00000, 0x0000000715c00000|  0%| F|  |TAMS 0x0000000715a00000, 0x0000000715a00000| Untracked 
| 174|0x0000000715c00000, 0x0000000715c00000, 0x0000000715e00000|  0%| F|  |TAMS 0x0000000715c00000, 0x0000000715c00000| Untracked 
| 175|0x0000000715e00000, 0x0000000715e00000, 0x0000000716000000|  0%| F|  |TAMS 0x0000000715e00000, 0x0000000715e00000| Untracked 
| 176|0x0000000716000000, 0x0000000716000000, 0x0000000716200000|  0%| F|  |TAMS 0x0000000716000000, 0x0000000716000000| Untracked 
| 177|0x0000000716200000, 0x0000000716200000, 0x0000000716400000|  0%| F|  |TAMS 0x0000000716200000, 0x0000000716200000| Untracked 
| 178|0x0000000716400000, 0x0000000716400000, 0x0000000716600000|  0%| F|  |TAMS 0x0000000716400000, 0x0000000716400000| Untracked 
| 179|0x0000000716600000, 0x0000000716600000, 0x0000000716800000|  0%| F|  |TAMS 0x0000000716600000, 0x0000000716600000| Untracked 
| 180|0x0000000716800000, 0x0000000716800000, 0x0000000716a00000|  0%| F|  |TAMS 0x0000000716800000, 0x0000000716800000| Untracked 
| 181|0x0000000716a00000, 0x0000000716a00000, 0x0000000716c00000|  0%| F|  |TAMS 0x0000000716a00000, 0x0000000716a00000| Untracked 
| 182|0x0000000716c00000, 0x0000000716c00000, 0x0000000716e00000|  0%| F|  |TAMS 0x0000000716c00000, 0x0000000716c00000| Untracked 
| 183|0x0000000716e00000, 0x0000000716e00000, 0x0000000717000000|  0%| F|  |TAMS 0x0000000716e00000, 0x0000000716e00000| Untracked 
| 184|0x0000000717000000, 0x0000000717000000, 0x0000000717200000|  0%| F|  |TAMS 0x0000000717000000, 0x0000000717000000| Untracked 
| 185|0x0000000717200000, 0x0000000717200000, 0x0000000717400000|  0%| F|  |TAMS 0x0000000717200000, 0x0000000717200000| Untracked 
| 186|0x0000000717400000, 0x0000000717400000, 0x0000000717600000|  0%| F|  |TAMS 0x0000000717400000, 0x0000000717400000| Untracked 
| 187|0x0000000717600000, 0x0000000717600000, 0x0000000717800000|  0%| F|  |TAMS 0x0000000717600000, 0x0000000717600000| Untracked 
| 188|0x0000000717800000, 0x0000000717800000, 0x0000000717a00000|  0%| F|  |TAMS 0x0000000717800000, 0x0000000717800000| Untracked 
| 189|0x0000000717a00000, 0x0000000717a00000, 0x0000000717c00000|  0%| F|  |TAMS 0x0000000717a00000, 0x0000000717a00000| Untracked 
| 190|0x0000000717c00000, 0x0000000717c00000, 0x0000000717e00000|  0%| F|  |TAMS 0x0000000717c00000, 0x0000000717c00000| Untracked 
| 191|0x0000000717e00000, 0x0000000717e00000, 0x0000000718000000|  0%| F|  |TAMS 0x0000000717e00000, 0x0000000717e00000| Untracked 
| 192|0x0000000718000000, 0x0000000718000000, 0x0000000718200000|  0%| F|  |TAMS 0x0000000718000000, 0x0000000718000000| Untracked 
| 193|0x0000000718200000, 0x0000000718200000, 0x0000000718400000|  0%| F|  |TAMS 0x0000000718200000, 0x0000000718200000| Untracked 
| 194|0x0000000718400000, 0x0000000718400000, 0x0000000718600000|  0%| F|  |TAMS 0x0000000718400000, 0x0000000718400000| Untracked 
| 195|0x0000000718600000, 0x0000000718600000, 0x0000000718800000|  0%| F|  |TAMS 0x0000000718600000, 0x0000000718600000| Untracked 
| 196|0x0000000718800000, 0x0000000718800000, 0x0000000718a00000|  0%| F|  |TAMS 0x0000000718800000, 0x0000000718800000| Untracked 
| 197|0x0000000718a00000, 0x0000000718a00000, 0x0000000718c00000|  0%| F|  |TAMS 0x0000000718a00000, 0x0000000718a00000| Untracked 
| 198|0x0000000718c00000, 0x0000000718c00000, 0x0000000718e00000|  0%| F|  |TAMS 0x0000000718c00000, 0x0000000718c00000| Untracked 
| 199|0x0000000718e00000, 0x0000000718e00000, 0x0000000719000000|  0%| F|  |TAMS 0x0000000718e00000, 0x0000000718e00000| Untracked 
| 200|0x0000000719000000, 0x0000000719000000, 0x0000000719200000|  0%| F|  |TAMS 0x0000000719000000, 0x0000000719000000| Untracked 
| 201|0x0000000719200000, 0x0000000719200000, 0x0000000719400000|  0%| F|  |TAMS 0x0000000719200000, 0x0000000719200000| Untracked 
| 202|0x0000000719400000, 0x0000000719400000, 0x0000000719600000|  0%| F|  |TAMS 0x0000000719400000, 0x0000000719400000| Untracked 
| 203|0x0000000719600000, 0x0000000719600000, 0x0000000719800000|  0%| F|  |TAMS 0x0000000719600000, 0x0000000719600000| Untracked 
| 204|0x0000000719800000, 0x0000000719800000, 0x0000000719a00000|  0%| F|  |TAMS 0x0000000719800000, 0x0000000719800000| Untracked 
| 205|0x0000000719a00000, 0x0000000719a00000, 0x0000000719c00000|  0%| F|  |TAMS 0x0000000719a00000, 0x0000000719a00000| Untracked 
| 206|0x0000000719c00000, 0x0000000719c00000, 0x0000000719e00000|  0%| F|  |TAMS 0x0000000719c00000, 0x0000000719c00000| Untracked 
| 207|0x0000000719e00000, 0x0000000719e00000, 0x000000071a000000|  0%| F|  |TAMS 0x0000000719e00000, 0x0000000719e00000| Untracked 
| 208|0x000000071a000000, 0x000000071a000000, 0x000000071a200000|  0%| F|  |TAMS 0x000000071a000000, 0x000000071a000000| Untracked 
| 209|0x000000071a200000, 0x000000071a200000, 0x000000071a400000|  0%| F|  |TAMS 0x000000071a200000, 0x000000071a200000| Untracked 
| 210|0x000000071a400000, 0x000000071a400000, 0x000000071a600000|  0%| F|  |TAMS 0x000000071a400000, 0x000000071a400000| Untracked 
| 211|0x000000071a600000, 0x000000071a600000, 0x000000071a800000|  0%| F|  |TAMS 0x000000071a600000, 0x000000071a600000| Untracked 
| 212|0x000000071a800000, 0x000000071a800000, 0x000000071aa00000|  0%| F|  |TAMS 0x000000071a800000, 0x000000071a800000| Untracked 
| 213|0x000000071aa00000, 0x000000071aa00000, 0x000000071ac00000|  0%| F|  |TAMS 0x000000071aa00000, 0x000000071aa00000| Untracked 
| 214|0x000000071ac00000, 0x000000071ac00000, 0x000000071ae00000|  0%| F|  |TAMS 0x000000071ac00000, 0x000000071ac00000| Untracked 
| 215|0x000000071ae00000, 0x000000071ae00000, 0x000000071b000000|  0%| F|  |TAMS 0x000000071ae00000, 0x000000071ae00000| Untracked 
| 216|0x000000071b000000, 0x000000071b000000, 0x000000071b200000|  0%| F|  |TAMS 0x000000071b000000, 0x000000071b000000| Untracked 
| 217|0x000000071b200000, 0x000000071b200000, 0x000000071b400000|  0%| F|  |TAMS 0x000000071b200000, 0x000000071b200000| Untracked 
| 218|0x000000071b400000, 0x000000071b400000, 0x000000071b600000|  0%| F|  |TAMS 0x000000071b400000, 0x000000071b400000| Untracked 
| 219|0x000000071b600000, 0x000000071b600000, 0x000000071b800000|  0%| F|  |TAMS 0x000000071b600000, 0x000000071b600000| Untracked 
| 220|0x000000071b800000, 0x000000071b800000, 0x000000071ba00000|  0%| F|  |TAMS 0x000000071b800000, 0x000000071b800000| Untracked 
| 221|0x000000071ba00000, 0x000000071ba00000, 0x000000071bc00000|  0%| F|  |TAMS 0x000000071ba00000, 0x000000071ba00000| Untracked 
| 222|0x000000071bc00000, 0x000000071bc00000, 0x000000071be00000|  0%| F|  |TAMS 0x000000071bc00000, 0x000000071bc00000| Untracked 
| 223|0x000000071be00000, 0x000000071be00000, 0x000000071c000000|  0%| F|  |TAMS 0x000000071be00000, 0x000000071be00000| Untracked 
| 224|0x000000071c000000, 0x000000071c000000, 0x000000071c200000|  0%| F|  |TAMS 0x000000071c000000, 0x000000071c000000| Untracked 
| 225|0x000000071c200000, 0x000000071c200000, 0x000000071c400000|  0%| F|  |TAMS 0x000000071c200000, 0x000000071c200000| Untracked 
| 226|0x000000071c400000, 0x000000071c400000, 0x000000071c600000|  0%| F|  |TAMS 0x000000071c400000, 0x000000071c400000| Untracked 
| 227|0x000000071c600000, 0x000000071c600000, 0x000000071c800000|  0%| F|  |TAMS 0x000000071c600000, 0x000000071c600000| Untracked 
| 228|0x000000071c800000, 0x000000071c800000, 0x000000071ca00000|  0%| F|  |TAMS 0x000000071c800000, 0x000000071c800000| Untracked 
| 229|0x000000071ca00000, 0x000000071ca00000, 0x000000071cc00000|  0%| F|  |TAMS 0x000000071ca00000, 0x000000071ca00000| Untracked 
| 230|0x000000071cc00000, 0x000000071cc00000, 0x000000071ce00000|  0%| F|  |TAMS 0x000000071cc00000, 0x000000071cc00000| Untracked 
| 231|0x000000071ce00000, 0x000000071ce00000, 0x000000071d000000|  0%| F|  |TAMS 0x000000071ce00000, 0x000000071ce00000| Untracked 
| 232|0x000000071d000000, 0x000000071d000000, 0x000000071d200000|  0%| F|  |TAMS 0x000000071d000000, 0x000000071d000000| Untracked 
| 233|0x000000071d200000, 0x000000071d200000, 0x000000071d400000|  0%| F|  |TAMS 0x000000071d200000, 0x000000071d200000| Untracked 
| 234|0x000000071d400000, 0x000000071d400000, 0x000000071d600000|  0%| F|  |TAMS 0x000000071d400000, 0x000000071d400000| Untracked 
| 235|0x000000071d600000, 0x000000071d600000, 0x000000071d800000|  0%| F|  |TAMS 0x000000071d600000, 0x000000071d600000| Untracked 
| 236|0x000000071d800000, 0x000000071d800000, 0x000000071da00000|  0%| F|  |TAMS 0x000000071d800000, 0x000000071d800000| Untracked 
| 237|0x000000071da00000, 0x000000071da00000, 0x000000071dc00000|  0%| F|  |TAMS 0x000000071da00000, 0x000000071da00000| Untracked 
| 238|0x000000071dc00000, 0x000000071dc00000, 0x000000071de00000|  0%| F|  |TAMS 0x000000071dc00000, 0x000000071dc00000| Untracked 
| 239|0x000000071de00000, 0x000000071de00000, 0x000000071e000000|  0%| F|  |TAMS 0x000000071de00000, 0x000000071de00000| Untracked 
| 240|0x000000071e000000, 0x000000071e000000, 0x000000071e200000|  0%| F|  |TAMS 0x000000071e000000, 0x000000071e000000| Untracked 
| 241|0x000000071e200000, 0x000000071e200000, 0x000000071e400000|  0%| F|  |TAMS 0x000000071e200000, 0x000000071e200000| Untracked 
| 242|0x000000071e400000, 0x000000071e400000, 0x000000071e600000|  0%| F|  |TAMS 0x000000071e400000, 0x000000071e400000| Untracked 
| 243|0x000000071e600000, 0x000000071e600000, 0x000000071e800000|  0%| F|  |TAMS 0x000000071e600000, 0x000000071e600000| Untracked 
| 244|0x000000071e800000, 0x000000071e800000, 0x000000071ea00000|  0%| F|  |TAMS 0x000000071e800000, 0x000000071e800000| Untracked 
| 245|0x000000071ea00000, 0x000000071ea00000, 0x000000071ec00000|  0%| F|  |TAMS 0x000000071ea00000, 0x000000071ea00000| Untracked 
| 246|0x000000071ec00000, 0x000000071ec00000, 0x000000071ee00000|  0%| F|  |TAMS 0x000000071ec00000, 0x000000071ec00000| Untracked 
| 247|0x000000071ee00000, 0x000000071ee00000, 0x000000071f000000|  0%| F|  |TAMS 0x000000071ee00000, 0x000000071ee00000| Untracked 
| 248|0x000000071f000000, 0x000000071f000000, 0x000000071f200000|  0%| F|  |TAMS 0x000000071f000000, 0x000000071f000000| Untracked 
| 249|0x000000071f200000, 0x000000071f200000, 0x000000071f400000|  0%| F|  |TAMS 0x000000071f200000, 0x000000071f200000| Untracked 
| 250|0x000000071f400000, 0x000000071f400000, 0x000000071f600000|  0%| F|  |TAMS 0x000000071f400000, 0x000000071f400000| Untracked 
| 251|0x000000071f600000, 0x000000071f600000, 0x000000071f800000|  0%| F|  |TAMS 0x000000071f600000, 0x000000071f600000| Untracked 
| 252|0x000000071f800000, 0x000000071f800000, 0x000000071fa00000|  0%| F|  |TAMS 0x000000071f800000, 0x000000071f800000| Untracked 
| 253|0x000000071fa00000, 0x000000071fa00000, 0x000000071fc00000|  0%| F|  |TAMS 0x000000071fa00000, 0x000000071fa00000| Untracked 
| 254|0x000000071fc00000, 0x000000071fc00000, 0x000000071fe00000|  0%| F|  |TAMS 0x000000071fc00000, 0x000000071fc00000| Untracked 
| 255|0x000000071fe00000, 0x000000071fe00000, 0x0000000720000000|  0%| F|  |TAMS 0x000000071fe00000, 0x000000071fe00000| Untracked 
| 256|0x0000000720000000, 0x0000000720000000, 0x0000000720200000|  0%| F|  |TAMS 0x0000000720000000, 0x0000000720000000| Untracked 
| 257|0x0000000720200000, 0x0000000720200000, 0x0000000720400000|  0%| F|  |TAMS 0x0000000720200000, 0x0000000720200000| Untracked 
| 258|0x0000000720400000, 0x0000000720400000, 0x0000000720600000|  0%| F|  |TAMS 0x0000000720400000, 0x0000000720400000| Untracked 
| 259|0x0000000720600000, 0x0000000720600000, 0x0000000720800000|  0%| F|  |TAMS 0x0000000720600000, 0x0000000720600000| Untracked 
| 260|0x0000000720800000, 0x0000000720800000, 0x0000000720a00000|  0%| F|  |TAMS 0x0000000720800000, 0x0000000720800000| Untracked 
| 261|0x0000000720a00000, 0x0000000720a00000, 0x0000000720c00000|  0%| F|  |TAMS 0x0000000720a00000, 0x0000000720a00000| Untracked 
| 262|0x0000000720c00000, 0x0000000720c00000, 0x0000000720e00000|  0%| F|  |TAMS 0x0000000720c00000, 0x0000000720c00000| Untracked 
| 263|0x0000000720e00000, 0x0000000720e00000, 0x0000000721000000|  0%| F|  |TAMS 0x0000000720e00000, 0x0000000720e00000| Untracked 
| 264|0x0000000721000000, 0x0000000721000000, 0x0000000721200000|  0%| F|  |TAMS 0x0000000721000000, 0x0000000721000000| Untracked 
| 265|0x0000000721200000, 0x0000000721200000, 0x0000000721400000|  0%| F|  |TAMS 0x0000000721200000, 0x0000000721200000| Untracked 
| 266|0x0000000721400000, 0x0000000721400000, 0x0000000721600000|  0%| F|  |TAMS 0x0000000721400000, 0x0000000721400000| Untracked 
| 267|0x0000000721600000, 0x0000000721600000, 0x0000000721800000|  0%| F|  |TAMS 0x0000000721600000, 0x0000000721600000| Untracked 
| 268|0x0000000721800000, 0x0000000721800000, 0x0000000721a00000|  0%| F|  |TAMS 0x0000000721800000, 0x0000000721800000| Untracked 
| 269|0x0000000721a00000, 0x0000000721a00000, 0x0000000721c00000|  0%| F|  |TAMS 0x0000000721a00000, 0x0000000721a00000| Untracked 
| 270|0x0000000721c00000, 0x0000000721c00000, 0x0000000721e00000|  0%| F|  |TAMS 0x0000000721c00000, 0x0000000721c00000| Untracked 
| 271|0x0000000721e00000, 0x0000000721e00000, 0x0000000722000000|  0%| F|  |TAMS 0x0000000721e00000, 0x0000000721e00000| Untracked 
| 272|0x0000000722000000, 0x0000000722000000, 0x0000000722200000|  0%| F|  |TAMS 0x0000000722000000, 0x0000000722000000| Untracked 
| 273|0x0000000722200000, 0x0000000722200000, 0x0000000722400000|  0%| F|  |TAMS 0x0000000722200000, 0x0000000722200000| Untracked 
| 274|0x0000000722400000, 0x0000000722400000, 0x0000000722600000|  0%| F|  |TAMS 0x0000000722400000, 0x0000000722400000| Untracked 
| 275|0x0000000722600000, 0x0000000722600000, 0x0000000722800000|  0%| F|  |TAMS 0x0000000722600000, 0x0000000722600000| Untracked 
| 276|0x0000000722800000, 0x0000000722800000, 0x0000000722a00000|  0%| F|  |TAMS 0x0000000722800000, 0x0000000722800000| Untracked 
| 277|0x0000000722a00000, 0x0000000722a00000, 0x0000000722c00000|  0%| F|  |TAMS 0x0000000722a00000, 0x0000000722a00000| Untracked 
| 278|0x0000000722c00000, 0x0000000722c00000, 0x0000000722e00000|  0%| F|  |TAMS 0x0000000722c00000, 0x0000000722c00000| Untracked 
| 279|0x0000000722e00000, 0x0000000722e00000, 0x0000000723000000|  0%| F|  |TAMS 0x0000000722e00000, 0x0000000722e00000| Untracked 
| 280|0x0000000723000000, 0x0000000723000000, 0x0000000723200000|  0%| F|  |TAMS 0x0000000723000000, 0x0000000723000000| Untracked 
| 281|0x0000000723200000, 0x0000000723200000, 0x0000000723400000|  0%| F|  |TAMS 0x0000000723200000, 0x0000000723200000| Untracked 
| 282|0x0000000723400000, 0x0000000723400000, 0x0000000723600000|  0%| F|  |TAMS 0x0000000723400000, 0x0000000723400000| Untracked 
| 283|0x0000000723600000, 0x0000000723600000, 0x0000000723800000|  0%| F|  |TAMS 0x0000000723600000, 0x0000000723600000| Untracked 
| 284|0x0000000723800000, 0x0000000723800000, 0x0000000723a00000|  0%| F|  |TAMS 0x0000000723800000, 0x0000000723800000| Untracked 
| 285|0x0000000723a00000, 0x0000000723a00000, 0x0000000723c00000|  0%| F|  |TAMS 0x0000000723a00000, 0x0000000723a00000| Untracked 
| 286|0x0000000723c00000, 0x0000000723c00000, 0x0000000723e00000|  0%| F|  |TAMS 0x0000000723c00000, 0x0000000723c00000| Untracked 
| 287|0x0000000723e00000, 0x0000000723e00000, 0x0000000724000000|  0%| F|  |TAMS 0x0000000723e00000, 0x0000000723e00000| Untracked 
| 288|0x0000000724000000, 0x0000000724000000, 0x0000000724200000|  0%| F|  |TAMS 0x0000000724000000, 0x0000000724000000| Untracked 
| 289|0x0000000724200000, 0x0000000724200000, 0x0000000724400000|  0%| F|  |TAMS 0x0000000724200000, 0x0000000724200000| Untracked 
| 290|0x0000000724400000, 0x0000000724400000, 0x0000000724600000|  0%| F|  |TAMS 0x0000000724400000, 0x0000000724400000| Untracked 
| 291|0x0000000724600000, 0x0000000724600000, 0x0000000724800000|  0%| F|  |TAMS 0x0000000724600000, 0x0000000724600000| Untracked 
| 292|0x0000000724800000, 0x0000000724800000, 0x0000000724a00000|  0%| F|  |TAMS 0x0000000724800000, 0x0000000724800000| Untracked 
| 293|0x0000000724a00000, 0x0000000724a00000, 0x0000000724c00000|  0%| F|  |TAMS 0x0000000724a00000, 0x0000000724a00000| Untracked 
| 294|0x0000000724c00000, 0x0000000724c00000, 0x0000000724e00000|  0%| F|  |TAMS 0x0000000724c00000, 0x0000000724c00000| Untracked 
| 295|0x0000000724e00000, 0x0000000724e00000, 0x0000000725000000|  0%| F|  |TAMS 0x0000000724e00000, 0x0000000724e00000| Untracked 
| 296|0x0000000725000000, 0x0000000725000000, 0x0000000725200000|  0%| F|  |TAMS 0x0000000725000000, 0x0000000725000000| Untracked 
| 297|0x0000000725200000, 0x0000000725200000, 0x0000000725400000|  0%| F|  |TAMS 0x0000000725200000, 0x0000000725200000| Untracked 
| 298|0x0000000725400000, 0x0000000725400000, 0x0000000725600000|  0%| F|  |TAMS 0x0000000725400000, 0x0000000725400000| Untracked 
| 299|0x0000000725600000, 0x0000000725600000, 0x0000000725800000|  0%| F|  |TAMS 0x0000000725600000, 0x0000000725600000| Untracked 
| 300|0x0000000725800000, 0x0000000725800000, 0x0000000725a00000|  0%| F|  |TAMS 0x0000000725800000, 0x0000000725800000| Untracked 
| 301|0x0000000725a00000, 0x0000000725a00000, 0x0000000725c00000|  0%| F|  |TAMS 0x0000000725a00000, 0x0000000725a00000| Untracked 
| 302|0x0000000725c00000, 0x0000000725c00000, 0x0000000725e00000|  0%| F|  |TAMS 0x0000000725c00000, 0x0000000725c00000| Untracked 
| 303|0x0000000725e00000, 0x0000000725e00000, 0x0000000726000000|  0%| F|  |TAMS 0x0000000725e00000, 0x0000000725e00000| Untracked 
| 304|0x0000000726000000, 0x0000000726000000, 0x0000000726200000|  0%| F|  |TAMS 0x0000000726000000, 0x0000000726000000| Untracked 
| 305|0x0000000726200000, 0x0000000726200000, 0x0000000726400000|  0%| F|  |TAMS 0x0000000726200000, 0x0000000726200000| Untracked 
| 306|0x0000000726400000, 0x0000000726400000, 0x0000000726600000|  0%| F|  |TAMS 0x0000000726400000, 0x0000000726400000| Untracked 
| 307|0x0000000726600000, 0x0000000726600000, 0x0000000726800000|  0%| F|  |TAMS 0x0000000726600000, 0x0000000726600000| Untracked 
| 308|0x0000000726800000, 0x0000000726800000, 0x0000000726a00000|  0%| F|  |TAMS 0x0000000726800000, 0x0000000726800000| Untracked 
| 309|0x0000000726a00000, 0x0000000726a00000, 0x0000000726c00000|  0%| F|  |TAMS 0x0000000726a00000, 0x0000000726a00000| Untracked 
| 310|0x0000000726c00000, 0x0000000726c00000, 0x0000000726e00000|  0%| F|  |TAMS 0x0000000726c00000, 0x0000000726c00000| Untracked 
| 311|0x0000000726e00000, 0x0000000726e00000, 0x0000000727000000|  0%| F|  |TAMS 0x0000000726e00000, 0x0000000726e00000| Untracked 
| 312|0x0000000727000000, 0x0000000727000000, 0x0000000727200000|  0%| F|  |TAMS 0x0000000727000000, 0x0000000727000000| Untracked 
| 313|0x0000000727200000, 0x0000000727200000, 0x0000000727400000|  0%| F|  |TAMS 0x0000000727200000, 0x0000000727200000| Untracked 
| 314|0x0000000727400000, 0x0000000727400000, 0x0000000727600000|  0%| F|  |TAMS 0x0000000727400000, 0x0000000727400000| Untracked 
| 315|0x0000000727600000, 0x0000000727600000, 0x0000000727800000|  0%| F|  |TAMS 0x0000000727600000, 0x0000000727600000| Untracked 
| 316|0x0000000727800000, 0x0000000727800000, 0x0000000727a00000|  0%| F|  |TAMS 0x0000000727800000, 0x0000000727800000| Untracked 
| 317|0x0000000727a00000, 0x0000000727a00000, 0x0000000727c00000|  0%| F|  |TAMS 0x0000000727a00000, 0x0000000727a00000| Untracked 
| 318|0x0000000727c00000, 0x0000000727c00000, 0x0000000727e00000|  0%| F|  |TAMS 0x0000000727c00000, 0x0000000727c00000| Untracked 
| 319|0x0000000727e00000, 0x0000000727e00000, 0x0000000728000000|  0%| F|  |TAMS 0x0000000727e00000, 0x0000000727e00000| Untracked 
| 320|0x0000000728000000, 0x0000000728000000, 0x0000000728200000|  0%| F|  |TAMS 0x0000000728000000, 0x0000000728000000| Untracked 
| 321|0x0000000728200000, 0x0000000728200000, 0x0000000728400000|  0%| F|  |TAMS 0x0000000728200000, 0x0000000728200000| Untracked 
| 322|0x0000000728400000, 0x0000000728400000, 0x0000000728600000|  0%| F|  |TAMS 0x0000000728400000, 0x0000000728400000| Untracked 
| 323|0x0000000728600000, 0x0000000728600000, 0x0000000728800000|  0%| F|  |TAMS 0x0000000728600000, 0x0000000728600000| Untracked 
| 324|0x0000000728800000, 0x0000000728800000, 0x0000000728a00000|  0%| F|  |TAMS 0x0000000728800000, 0x0000000728800000| Untracked 
| 325|0x0000000728a00000, 0x0000000728a00000, 0x0000000728c00000|  0%| F|  |TAMS 0x0000000728a00000, 0x0000000728a00000| Untracked 
| 326|0x0000000728c00000, 0x0000000728c00000, 0x0000000728e00000|  0%| F|  |TAMS 0x0000000728c00000, 0x0000000728c00000| Untracked 
| 327|0x0000000728e00000, 0x0000000728e00000, 0x0000000729000000|  0%| F|  |TAMS 0x0000000728e00000, 0x0000000728e00000| Untracked 
| 328|0x0000000729000000, 0x0000000729000000, 0x0000000729200000|  0%| F|  |TAMS 0x0000000729000000, 0x0000000729000000| Untracked 
| 329|0x0000000729200000, 0x0000000729200000, 0x0000000729400000|  0%| F|  |TAMS 0x0000000729200000, 0x0000000729200000| Untracked 
| 330|0x0000000729400000, 0x0000000729400000, 0x0000000729600000|  0%| F|  |TAMS 0x0000000729400000, 0x0000000729400000| Untracked 
| 331|0x0000000729600000, 0x0000000729600000, 0x0000000729800000|  0%| F|  |TAMS 0x0000000729600000, 0x0000000729600000| Untracked 
| 332|0x0000000729800000, 0x0000000729800000, 0x0000000729a00000|  0%| F|  |TAMS 0x0000000729800000, 0x0000000729800000| Untracked 
| 333|0x0000000729a00000, 0x0000000729a00000, 0x0000000729c00000|  0%| F|  |TAMS 0x0000000729a00000, 0x0000000729a00000| Untracked 
| 334|0x0000000729c00000, 0x0000000729c00000, 0x0000000729e00000|  0%| F|  |TAMS 0x0000000729c00000, 0x0000000729c00000| Untracked 
| 335|0x0000000729e00000, 0x0000000729e00000, 0x000000072a000000|  0%| F|  |TAMS 0x0000000729e00000, 0x0000000729e00000| Untracked 
| 336|0x000000072a000000, 0x000000072a000000, 0x000000072a200000|  0%| F|  |TAMS 0x000000072a000000, 0x000000072a000000| Untracked 
| 337|0x000000072a200000, 0x000000072a200000, 0x000000072a400000|  0%| F|  |TAMS 0x000000072a200000, 0x000000072a200000| Untracked 
| 338|0x000000072a400000, 0x000000072a400000, 0x000000072a600000|  0%| F|  |TAMS 0x000000072a400000, 0x000000072a400000| Untracked 
| 339|0x000000072a600000, 0x000000072a600000, 0x000000072a800000|  0%| F|  |TAMS 0x000000072a600000, 0x000000072a600000| Untracked 
| 340|0x000000072a800000, 0x000000072a800000, 0x000000072aa00000|  0%| F|  |TAMS 0x000000072a800000, 0x000000072a800000| Untracked 
| 341|0x000000072aa00000, 0x000000072aa00000, 0x000000072ac00000|  0%| F|  |TAMS 0x000000072aa00000, 0x000000072aa00000| Untracked 
| 342|0x000000072ac00000, 0x000000072ac00000, 0x000000072ae00000|  0%| F|  |TAMS 0x000000072ac00000, 0x000000072ac00000| Untracked 
| 343|0x000000072ae00000, 0x000000072ae00000, 0x000000072b000000|  0%| F|  |TAMS 0x000000072ae00000, 0x000000072ae00000| Untracked 
| 344|0x000000072b000000, 0x000000072b000000, 0x000000072b200000|  0%| F|  |TAMS 0x000000072b000000, 0x000000072b000000| Untracked 
| 345|0x000000072b200000, 0x000000072b200000, 0x000000072b400000|  0%| F|  |TAMS 0x000000072b200000, 0x000000072b200000| Untracked 
| 346|0x000000072b400000, 0x000000072b400000, 0x000000072b600000|  0%| F|  |TAMS 0x000000072b400000, 0x000000072b400000| Untracked 
| 347|0x000000072b600000, 0x000000072b600000, 0x000000072b800000|  0%| F|  |TAMS 0x000000072b600000, 0x000000072b600000| Untracked 
| 348|0x000000072b800000, 0x000000072b800000, 0x000000072ba00000|  0%| F|  |TAMS 0x000000072b800000, 0x000000072b800000| Untracked 
| 349|0x000000072ba00000, 0x000000072ba00000, 0x000000072bc00000|  0%| F|  |TAMS 0x000000072ba00000, 0x000000072ba00000| Untracked 
| 350|0x000000072bc00000, 0x000000072bc00000, 0x000000072be00000|  0%| F|  |TAMS 0x000000072bc00000, 0x000000072bc00000| Untracked 
| 351|0x000000072be00000, 0x000000072be00000, 0x000000072c000000|  0%| F|  |TAMS 0x000000072be00000, 0x000000072be00000| Untracked 
| 352|0x000000072c000000, 0x000000072c000000, 0x000000072c200000|  0%| F|  |TAMS 0x000000072c000000, 0x000000072c000000| Untracked 
| 353|0x000000072c200000, 0x000000072c200000, 0x000000072c400000|  0%| F|  |TAMS 0x000000072c200000, 0x000000072c200000| Untracked 
| 354|0x000000072c400000, 0x000000072c400000, 0x000000072c600000|  0%| F|  |TAMS 0x000000072c400000, 0x000000072c400000| Untracked 
| 355|0x000000072c600000, 0x000000072c600000, 0x000000072c800000|  0%| F|  |TAMS 0x000000072c600000, 0x000000072c600000| Untracked 
| 356|0x000000072c800000, 0x000000072c800000, 0x000000072ca00000|  0%| F|  |TAMS 0x000000072c800000, 0x000000072c800000| Untracked 
| 357|0x000000072ca00000, 0x000000072ca00000, 0x000000072cc00000|  0%| F|  |TAMS 0x000000072ca00000, 0x000000072ca00000| Untracked 
| 358|0x000000072cc00000, 0x000000072cc00000, 0x000000072ce00000|  0%| F|  |TAMS 0x000000072cc00000, 0x000000072cc00000| Untracked 
| 359|0x000000072ce00000, 0x000000072ce00000, 0x000000072d000000|  0%| F|  |TAMS 0x000000072ce00000, 0x000000072ce00000| Untracked 
| 360|0x000000072d000000, 0x000000072d000000, 0x000000072d200000|  0%| F|  |TAMS 0x000000072d000000, 0x000000072d000000| Untracked 
| 361|0x000000072d200000, 0x000000072d200000, 0x000000072d400000|  0%| F|  |TAMS 0x000000072d200000, 0x000000072d200000| Untracked 
| 362|0x000000072d400000, 0x000000072d400000, 0x000000072d600000|  0%| F|  |TAMS 0x000000072d400000, 0x000000072d400000| Untracked 
| 363|0x000000072d600000, 0x000000072d600000, 0x000000072d800000|  0%| F|  |TAMS 0x000000072d600000, 0x000000072d600000| Untracked 
| 364|0x000000072d800000, 0x000000072d800000, 0x000000072da00000|  0%| F|  |TAMS 0x000000072d800000, 0x000000072d800000| Untracked 
| 365|0x000000072da00000, 0x000000072da00000, 0x000000072dc00000|  0%| F|  |TAMS 0x000000072da00000, 0x000000072da00000| Untracked 
| 366|0x000000072dc00000, 0x000000072dc00000, 0x000000072de00000|  0%| F|  |TAMS 0x000000072dc00000, 0x000000072dc00000| Untracked 
| 367|0x000000072de00000, 0x000000072de00000, 0x000000072e000000|  0%| F|  |TAMS 0x000000072de00000, 0x000000072de00000| Untracked 
| 368|0x000000072e000000, 0x000000072e000000, 0x000000072e200000|  0%| F|  |TAMS 0x000000072e000000, 0x000000072e000000| Untracked 
| 369|0x000000072e200000, 0x000000072e200000, 0x000000072e400000|  0%| F|  |TAMS 0x000000072e200000, 0x000000072e200000| Untracked 
| 370|0x000000072e400000, 0x000000072e400000, 0x000000072e600000|  0%| F|  |TAMS 0x000000072e400000, 0x000000072e400000| Untracked 
| 371|0x000000072e600000, 0x000000072e600000, 0x000000072e800000|  0%| F|  |TAMS 0x000000072e600000, 0x000000072e600000| Untracked 
| 372|0x000000072e800000, 0x000000072e800000, 0x000000072ea00000|  0%| F|  |TAMS 0x000000072e800000, 0x000000072e800000| Untracked 
| 373|0x000000072ea00000, 0x000000072ea00000, 0x000000072ec00000|  0%| F|  |TAMS 0x000000072ea00000, 0x000000072ea00000| Untracked 
| 374|0x000000072ec00000, 0x000000072ec00000, 0x000000072ee00000|  0%| F|  |TAMS 0x000000072ec00000, 0x000000072ec00000| Untracked 
| 375|0x000000072ee00000, 0x000000072ee00000, 0x000000072f000000|  0%| F|  |TAMS 0x000000072ee00000, 0x000000072ee00000| Untracked 
| 376|0x000000072f000000, 0x000000072f000000, 0x000000072f200000|  0%| F|  |TAMS 0x000000072f000000, 0x000000072f000000| Untracked 
| 377|0x000000072f200000, 0x000000072f200000, 0x000000072f400000|  0%| F|  |TAMS 0x000000072f200000, 0x000000072f200000| Untracked 
| 378|0x000000072f400000, 0x000000072f400000, 0x000000072f600000|  0%| F|  |TAMS 0x000000072f400000, 0x000000072f400000| Untracked 
| 379|0x000000072f600000, 0x000000072f600000, 0x000000072f800000|  0%| F|  |TAMS 0x000000072f600000, 0x000000072f600000| Untracked 
| 380|0x000000072f800000, 0x000000072f800000, 0x000000072fa00000|  0%| F|  |TAMS 0x000000072f800000, 0x000000072f800000| Untracked 
| 381|0x000000072fa00000, 0x000000072fa00000, 0x000000072fc00000|  0%| F|  |TAMS 0x000000072fa00000, 0x000000072fa00000| Untracked 
| 382|0x000000072fc00000, 0x000000072fc00000, 0x000000072fe00000|  0%| F|  |TAMS 0x000000072fc00000, 0x000000072fc00000| Untracked 
| 383|0x000000072fe00000, 0x000000072fe00000, 0x0000000730000000|  0%| F|  |TAMS 0x000000072fe00000, 0x000000072fe00000| Untracked 
| 384|0x0000000730000000, 0x0000000730000000, 0x0000000730200000|  0%| F|  |TAMS 0x0000000730000000, 0x0000000730000000| Untracked 
| 385|0x0000000730200000, 0x0000000730200000, 0x0000000730400000|  0%| F|  |TAMS 0x0000000730200000, 0x0000000730200000| Untracked 
| 386|0x0000000730400000, 0x0000000730400000, 0x0000000730600000|  0%| F|  |TAMS 0x0000000730400000, 0x0000000730400000| Untracked 
| 387|0x0000000730600000, 0x0000000730600000, 0x0000000730800000|  0%| F|  |TAMS 0x0000000730600000, 0x0000000730600000| Untracked 
| 388|0x0000000730800000, 0x0000000730800000, 0x0000000730a00000|  0%| F|  |TAMS 0x0000000730800000, 0x0000000730800000| Untracked 
| 389|0x0000000730a00000, 0x0000000730a00000, 0x0000000730c00000|  0%| F|  |TAMS 0x0000000730a00000, 0x0000000730a00000| Untracked 
| 390|0x0000000730c00000, 0x0000000730c00000, 0x0000000730e00000|  0%| F|  |TAMS 0x0000000730c00000, 0x0000000730c00000| Untracked 
| 391|0x0000000730e00000, 0x0000000730e00000, 0x0000000731000000|  0%| F|  |TAMS 0x0000000730e00000, 0x0000000730e00000| Untracked 
| 392|0x0000000731000000, 0x0000000731000000, 0x0000000731200000|  0%| F|  |TAMS 0x0000000731000000, 0x0000000731000000| Untracked 
| 393|0x0000000731200000, 0x0000000731200000, 0x0000000731400000|  0%| F|  |TAMS 0x0000000731200000, 0x0000000731200000| Untracked 
| 394|0x0000000731400000, 0x0000000731400000, 0x0000000731600000|  0%| F|  |TAMS 0x0000000731400000, 0x0000000731400000| Untracked 
| 395|0x0000000731600000, 0x0000000731600000, 0x0000000731800000|  0%| F|  |TAMS 0x0000000731600000, 0x0000000731600000| Untracked 
| 396|0x0000000731800000, 0x0000000731800000, 0x0000000731a00000|  0%| F|  |TAMS 0x0000000731800000, 0x0000000731800000| Untracked 
| 397|0x0000000731a00000, 0x0000000731a00000, 0x0000000731c00000|  0%| F|  |TAMS 0x0000000731a00000, 0x0000000731a00000| Untracked 
| 398|0x0000000731c00000, 0x0000000731c00000, 0x0000000731e00000|  0%| F|  |TAMS 0x0000000731c00000, 0x0000000731c00000| Untracked 
| 399|0x0000000731e00000, 0x0000000731e00000, 0x0000000732000000|  0%| F|  |TAMS 0x0000000731e00000, 0x0000000731e00000| Untracked 
| 400|0x0000000732000000, 0x0000000732000000, 0x0000000732200000|  0%| F|  |TAMS 0x0000000732000000, 0x0000000732000000| Untracked 
| 401|0x0000000732200000, 0x0000000732200000, 0x0000000732400000|  0%| F|  |TAMS 0x0000000732200000, 0x0000000732200000| Untracked 
| 402|0x0000000732400000, 0x0000000732400000, 0x0000000732600000|  0%| F|  |TAMS 0x0000000732400000, 0x0000000732400000| Untracked 
| 403|0x0000000732600000, 0x0000000732600000, 0x0000000732800000|  0%| F|  |TAMS 0x0000000732600000, 0x0000000732600000| Untracked 
| 404|0x0000000732800000, 0x0000000732800000, 0x0000000732a00000|  0%| F|  |TAMS 0x0000000732800000, 0x0000000732800000| Untracked 
| 405|0x0000000732a00000, 0x0000000732a00000, 0x0000000732c00000|  0%| F|  |TAMS 0x0000000732a00000, 0x0000000732a00000| Untracked 
| 406|0x0000000732c00000, 0x0000000732c00000, 0x0000000732e00000|  0%| F|  |TAMS 0x0000000732c00000, 0x0000000732c00000| Untracked 
| 407|0x0000000732e00000, 0x0000000732e00000, 0x0000000733000000|  0%| F|  |TAMS 0x0000000732e00000, 0x0000000732e00000| Untracked 
| 408|0x0000000733000000, 0x0000000733000000, 0x0000000733200000|  0%| F|  |TAMS 0x0000000733000000, 0x0000000733000000| Untracked 
| 409|0x0000000733200000, 0x0000000733200000, 0x0000000733400000|  0%| F|  |TAMS 0x0000000733200000, 0x0000000733200000| Untracked 
| 410|0x0000000733400000, 0x0000000733400000, 0x0000000733600000|  0%| F|  |TAMS 0x0000000733400000, 0x0000000733400000| Untracked 
| 411|0x0000000733600000, 0x0000000733600000, 0x0000000733800000|  0%| F|  |TAMS 0x0000000733600000, 0x0000000733600000| Untracked 
| 412|0x0000000733800000, 0x0000000733800000, 0x0000000733a00000|  0%| F|  |TAMS 0x0000000733800000, 0x0000000733800000| Untracked 
| 413|0x0000000733a00000, 0x0000000733a00000, 0x0000000733c00000|  0%| F|  |TAMS 0x0000000733a00000, 0x0000000733a00000| Untracked 
| 414|0x0000000733c00000, 0x0000000733c00000, 0x0000000733e00000|  0%| F|  |TAMS 0x0000000733c00000, 0x0000000733c00000| Untracked 
| 415|0x0000000733e00000, 0x0000000733e00000, 0x0000000734000000|  0%| F|  |TAMS 0x0000000733e00000, 0x0000000733e00000| Untracked 
| 416|0x0000000734000000, 0x0000000734000000, 0x0000000734200000|  0%| F|  |TAMS 0x0000000734000000, 0x0000000734000000| Untracked 
| 417|0x0000000734200000, 0x0000000734200000, 0x0000000734400000|  0%| F|  |TAMS 0x0000000734200000, 0x0000000734200000| Untracked 
| 418|0x0000000734400000, 0x0000000734400000, 0x0000000734600000|  0%| F|  |TAMS 0x0000000734400000, 0x0000000734400000| Untracked 
| 419|0x0000000734600000, 0x0000000734600000, 0x0000000734800000|  0%| F|  |TAMS 0x0000000734600000, 0x0000000734600000| Untracked 
| 420|0x0000000734800000, 0x0000000734800000, 0x0000000734a00000|  0%| F|  |TAMS 0x0000000734800000, 0x0000000734800000| Untracked 
| 421|0x0000000734a00000, 0x0000000734a00000, 0x0000000734c00000|  0%| F|  |TAMS 0x0000000734a00000, 0x0000000734a00000| Untracked 
| 422|0x0000000734c00000, 0x0000000734c00000, 0x0000000734e00000|  0%| F|  |TAMS 0x0000000734c00000, 0x0000000734c00000| Untracked 
| 423|0x0000000734e00000, 0x0000000734e00000, 0x0000000735000000|  0%| F|  |TAMS 0x0000000734e00000, 0x0000000734e00000| Untracked 
| 424|0x0000000735000000, 0x0000000735000000, 0x0000000735200000|  0%| F|  |TAMS 0x0000000735000000, 0x0000000735000000| Untracked 
| 425|0x0000000735200000, 0x0000000735200000, 0x0000000735400000|  0%| F|  |TAMS 0x0000000735200000, 0x0000000735200000| Untracked 
| 426|0x0000000735400000, 0x0000000735400000, 0x0000000735600000|  0%| F|  |TAMS 0x0000000735400000, 0x0000000735400000| Untracked 
| 427|0x0000000735600000, 0x0000000735600000, 0x0000000735800000|  0%| F|  |TAMS 0x0000000735600000, 0x0000000735600000| Untracked 
| 428|0x0000000735800000, 0x0000000735800000, 0x0000000735a00000|  0%| F|  |TAMS 0x0000000735800000, 0x0000000735800000| Untracked 
| 429|0x0000000735a00000, 0x0000000735a00000, 0x0000000735c00000|  0%| F|  |TAMS 0x0000000735a00000, 0x0000000735a00000| Untracked 
| 430|0x0000000735c00000, 0x0000000735c00000, 0x0000000735e00000|  0%| F|  |TAMS 0x0000000735c00000, 0x0000000735c00000| Untracked 
| 431|0x0000000735e00000, 0x0000000735e00000, 0x0000000736000000|  0%| F|  |TAMS 0x0000000735e00000, 0x0000000735e00000| Untracked 
| 432|0x0000000736000000, 0x0000000736000000, 0x0000000736200000|  0%| F|  |TAMS 0x0000000736000000, 0x0000000736000000| Untracked 
| 433|0x0000000736200000, 0x0000000736200000, 0x0000000736400000|  0%| F|  |TAMS 0x0000000736200000, 0x0000000736200000| Untracked 
| 434|0x0000000736400000, 0x0000000736400000, 0x0000000736600000|  0%| F|  |TAMS 0x0000000736400000, 0x0000000736400000| Untracked 
| 435|0x0000000736600000, 0x0000000736600000, 0x0000000736800000|  0%| F|  |TAMS 0x0000000736600000, 0x0000000736600000| Untracked 
| 436|0x0000000736800000, 0x0000000736800000, 0x0000000736a00000|  0%| F|  |TAMS 0x0000000736800000, 0x0000000736800000| Untracked 
| 437|0x0000000736a00000, 0x0000000736a00000, 0x0000000736c00000|  0%| F|  |TAMS 0x0000000736a00000, 0x0000000736a00000| Untracked 
| 438|0x0000000736c00000, 0x0000000736c00000, 0x0000000736e00000|  0%| F|  |TAMS 0x0000000736c00000, 0x0000000736c00000| Untracked 
| 439|0x0000000736e00000, 0x0000000736e00000, 0x0000000737000000|  0%| F|  |TAMS 0x0000000736e00000, 0x0000000736e00000| Untracked 
| 440|0x0000000737000000, 0x0000000737000000, 0x0000000737200000|  0%| F|  |TAMS 0x0000000737000000, 0x0000000737000000| Untracked 
| 441|0x0000000737200000, 0x0000000737200000, 0x0000000737400000|  0%| F|  |TAMS 0x0000000737200000, 0x0000000737200000| Untracked 
| 442|0x0000000737400000, 0x0000000737400000, 0x0000000737600000|  0%| F|  |TAMS 0x0000000737400000, 0x0000000737400000| Untracked 
| 443|0x0000000737600000, 0x0000000737600000, 0x0000000737800000|  0%| F|  |TAMS 0x0000000737600000, 0x0000000737600000| Untracked 
| 444|0x0000000737800000, 0x0000000737800000, 0x0000000737a00000|  0%| F|  |TAMS 0x0000000737800000, 0x0000000737800000| Untracked 
| 445|0x0000000737a00000, 0x0000000737a00000, 0x0000000737c00000|  0%| F|  |TAMS 0x0000000737a00000, 0x0000000737a00000| Untracked 
| 446|0x0000000737c00000, 0x0000000737c00000, 0x0000000737e00000|  0%| F|  |TAMS 0x0000000737c00000, 0x0000000737c00000| Untracked 
| 447|0x0000000737e00000, 0x0000000737e00000, 0x0000000738000000|  0%| F|  |TAMS 0x0000000737e00000, 0x0000000737e00000| Untracked 
| 448|0x0000000738000000, 0x0000000738000000, 0x0000000738200000|  0%| F|  |TAMS 0x0000000738000000, 0x0000000738000000| Untracked 
| 449|0x0000000738200000, 0x0000000738200000, 0x0000000738400000|  0%| F|  |TAMS 0x0000000738200000, 0x0000000738200000| Untracked 
| 450|0x0000000738400000, 0x0000000738400000, 0x0000000738600000|  0%| F|  |TAMS 0x0000000738400000, 0x0000000738400000| Untracked 
| 451|0x0000000738600000, 0x0000000738600000, 0x0000000738800000|  0%| F|  |TAMS 0x0000000738600000, 0x0000000738600000| Untracked 
| 452|0x0000000738800000, 0x0000000738800000, 0x0000000738a00000|  0%| F|  |TAMS 0x0000000738800000, 0x0000000738800000| Untracked 
| 453|0x0000000738a00000, 0x0000000738a00000, 0x0000000738c00000|  0%| F|  |TAMS 0x0000000738a00000, 0x0000000738a00000| Untracked 
| 454|0x0000000738c00000, 0x0000000738c00000, 0x0000000738e00000|  0%| F|  |TAMS 0x0000000738c00000, 0x0000000738c00000| Untracked 
| 455|0x0000000738e00000, 0x0000000738e00000, 0x0000000739000000|  0%| F|  |TAMS 0x0000000738e00000, 0x0000000738e00000| Untracked 
| 456|0x0000000739000000, 0x0000000739000000, 0x0000000739200000|  0%| F|  |TAMS 0x0000000739000000, 0x0000000739000000| Untracked 
| 457|0x0000000739200000, 0x0000000739200000, 0x0000000739400000|  0%| F|  |TAMS 0x0000000739200000, 0x0000000739200000| Untracked 
| 458|0x0000000739400000, 0x0000000739400000, 0x0000000739600000|  0%| F|  |TAMS 0x0000000739400000, 0x0000000739400000| Untracked 
| 459|0x0000000739600000, 0x0000000739600000, 0x0000000739800000|  0%| F|  |TAMS 0x0000000739600000, 0x0000000739600000| Untracked 
| 460|0x0000000739800000, 0x0000000739800000, 0x0000000739a00000|  0%| F|  |TAMS 0x0000000739800000, 0x0000000739800000| Untracked 
| 461|0x0000000739a00000, 0x0000000739a00000, 0x0000000739c00000|  0%| F|  |TAMS 0x0000000739a00000, 0x0000000739a00000| Untracked 
| 462|0x0000000739c00000, 0x0000000739c00000, 0x0000000739e00000|  0%| F|  |TAMS 0x0000000739c00000, 0x0000000739c00000| Untracked 
| 463|0x0000000739e00000, 0x0000000739e00000, 0x000000073a000000|  0%| F|  |TAMS 0x0000000739e00000, 0x0000000739e00000| Untracked 
| 464|0x000000073a000000, 0x000000073a000000, 0x000000073a200000|  0%| F|  |TAMS 0x000000073a000000, 0x000000073a000000| Untracked 
| 465|0x000000073a200000, 0x000000073a200000, 0x000000073a400000|  0%| F|  |TAMS 0x000000073a200000, 0x000000073a200000| Untracked 
| 466|0x000000073a400000, 0x000000073a400000, 0x000000073a600000|  0%| F|  |TAMS 0x000000073a400000, 0x000000073a400000| Untracked 
| 467|0x000000073a600000, 0x000000073a600000, 0x000000073a800000|  0%| F|  |TAMS 0x000000073a600000, 0x000000073a600000| Untracked 
| 468|0x000000073a800000, 0x000000073a800000, 0x000000073aa00000|  0%| F|  |TAMS 0x000000073a800000, 0x000000073a800000| Untracked 
| 469|0x000000073aa00000, 0x000000073aa00000, 0x000000073ac00000|  0%| F|  |TAMS 0x000000073aa00000, 0x000000073aa00000| Untracked 
| 470|0x000000073ac00000, 0x000000073ac00000, 0x000000073ae00000|  0%| F|  |TAMS 0x000000073ac00000, 0x000000073ac00000| Untracked 
| 471|0x000000073ae00000, 0x000000073ae00000, 0x000000073b000000|  0%| F|  |TAMS 0x000000073ae00000, 0x000000073ae00000| Untracked 
| 472|0x000000073b000000, 0x000000073b000000, 0x000000073b200000|  0%| F|  |TAMS 0x000000073b000000, 0x000000073b000000| Untracked 
| 473|0x000000073b200000, 0x000000073b200000, 0x000000073b400000|  0%| F|  |TAMS 0x000000073b200000, 0x000000073b200000| Untracked 
| 474|0x000000073b400000, 0x000000073b400000, 0x000000073b600000|  0%| F|  |TAMS 0x000000073b400000, 0x000000073b400000| Untracked 
| 475|0x000000073b600000, 0x000000073b600000, 0x000000073b800000|  0%| F|  |TAMS 0x000000073b600000, 0x000000073b600000| Untracked 
| 476|0x000000073b800000, 0x000000073b800000, 0x000000073ba00000|  0%| F|  |TAMS 0x000000073b800000, 0x000000073b800000| Untracked 
| 477|0x000000073ba00000, 0x000000073ba00000, 0x000000073bc00000|  0%| F|  |TAMS 0x000000073ba00000, 0x000000073ba00000| Untracked 
| 478|0x000000073bc00000, 0x000000073bc00000, 0x000000073be00000|  0%| F|  |TAMS 0x000000073bc00000, 0x000000073bc00000| Untracked 
| 479|0x000000073be00000, 0x000000073be00000, 0x000000073c000000|  0%| F|  |TAMS 0x000000073be00000, 0x000000073be00000| Untracked 
| 480|0x000000073c000000, 0x000000073c000000, 0x000000073c200000|  0%| F|  |TAMS 0x000000073c000000, 0x000000073c000000| Untracked 
| 481|0x000000073c200000, 0x000000073c200000, 0x000000073c400000|  0%| F|  |TAMS 0x000000073c200000, 0x000000073c200000| Untracked 
| 482|0x000000073c400000, 0x000000073c400000, 0x000000073c600000|  0%| F|  |TAMS 0x000000073c400000, 0x000000073c400000| Untracked 
| 483|0x000000073c600000, 0x000000073c600000, 0x000000073c800000|  0%| F|  |TAMS 0x000000073c600000, 0x000000073c600000| Untracked 
| 484|0x000000073c800000, 0x000000073c800000, 0x000000073ca00000|  0%| F|  |TAMS 0x000000073c800000, 0x000000073c800000| Untracked 
| 485|0x000000073ca00000, 0x000000073ca00000, 0x000000073cc00000|  0%| F|  |TAMS 0x000000073ca00000, 0x000000073ca00000| Untracked 
| 486|0x000000073cc00000, 0x000000073cc00000, 0x000000073ce00000|  0%| F|  |TAMS 0x000000073cc00000, 0x000000073cc00000| Untracked 
| 487|0x000000073ce00000, 0x000000073ce00000, 0x000000073d000000|  0%| F|  |TAMS 0x000000073ce00000, 0x000000073ce00000| Untracked 
| 488|0x000000073d000000, 0x000000073d000000, 0x000000073d200000|  0%| F|  |TAMS 0x000000073d000000, 0x000000073d000000| Untracked 
| 489|0x000000073d200000, 0x000000073d200000, 0x000000073d400000|  0%| F|  |TAMS 0x000000073d200000, 0x000000073d200000| Untracked 
| 490|0x000000073d400000, 0x000000073d400000, 0x000000073d600000|  0%| F|  |TAMS 0x000000073d400000, 0x000000073d400000| Untracked 
| 491|0x000000073d600000, 0x000000073d600000, 0x000000073d800000|  0%| F|  |TAMS 0x000000073d600000, 0x000000073d600000| Untracked 
| 492|0x000000073d800000, 0x000000073d800000, 0x000000073da00000|  0%| F|  |TAMS 0x000000073d800000, 0x000000073d800000| Untracked 
| 493|0x000000073da00000, 0x000000073da00000, 0x000000073dc00000|  0%| F|  |TAMS 0x000000073da00000, 0x000000073da00000| Untracked 
| 494|0x000000073dc00000, 0x000000073dc00000, 0x000000073de00000|  0%| F|  |TAMS 0x000000073dc00000, 0x000000073dc00000| Untracked 
| 495|0x000000073de00000, 0x000000073de00000, 0x000000073e000000|  0%| F|  |TAMS 0x000000073de00000, 0x000000073de00000| Untracked 
| 496|0x000000073e000000, 0x000000073e000000, 0x000000073e200000|  0%| F|  |TAMS 0x000000073e000000, 0x000000073e000000| Untracked 
| 497|0x000000073e200000, 0x000000073e200000, 0x000000073e400000|  0%| F|  |TAMS 0x000000073e200000, 0x000000073e200000| Untracked 
| 498|0x000000073e400000, 0x000000073e400000, 0x000000073e600000|  0%| F|  |TAMS 0x000000073e400000, 0x000000073e400000| Untracked 
| 499|0x000000073e600000, 0x000000073e600000, 0x000000073e800000|  0%| F|  |TAMS 0x000000073e600000, 0x000000073e600000| Untracked 
| 500|0x000000073e800000, 0x000000073e800000, 0x000000073ea00000|  0%| F|  |TAMS 0x000000073e800000, 0x000000073e800000| Untracked 
| 501|0x000000073ea00000, 0x000000073ea00000, 0x000000073ec00000|  0%| F|  |TAMS 0x000000073ea00000, 0x000000073ea00000| Untracked 
| 502|0x000000073ec00000, 0x000000073ec00000, 0x000000073ee00000|  0%| F|  |TAMS 0x000000073ec00000, 0x000000073ec00000| Untracked 
| 503|0x000000073ee00000, 0x000000073ee00000, 0x000000073f000000|  0%| F|  |TAMS 0x000000073ee00000, 0x000000073ee00000| Untracked 
| 504|0x000000073f000000, 0x000000073f000000, 0x000000073f200000|  0%| F|  |TAMS 0x000000073f000000, 0x000000073f000000| Untracked 
| 505|0x000000073f200000, 0x000000073f200000, 0x000000073f400000|  0%| F|  |TAMS 0x000000073f200000, 0x000000073f200000| Untracked 
| 506|0x000000073f400000, 0x000000073f400000, 0x000000073f600000|  0%| F|  |TAMS 0x000000073f400000, 0x000000073f400000| Untracked 
| 507|0x000000073f600000, 0x000000073f600000, 0x000000073f800000|  0%| F|  |TAMS 0x000000073f600000, 0x000000073f600000| Untracked 
| 508|0x000000073f800000, 0x000000073f800000, 0x000000073fa00000|  0%| F|  |TAMS 0x000000073f800000, 0x000000073f800000| Untracked 
| 509|0x000000073fa00000, 0x000000073fa00000, 0x000000073fc00000|  0%| F|  |TAMS 0x000000073fa00000, 0x000000073fa00000| Untracked 
| 510|0x000000073fc00000, 0x000000073fc00000, 0x000000073fe00000|  0%| F|  |TAMS 0x000000073fc00000, 0x000000073fc00000| Untracked 
| 511|0x000000073fe00000, 0x000000073fe00000, 0x0000000740000000|  0%| F|  |TAMS 0x000000073fe00000, 0x000000073fe00000| Untracked 
| 512|0x0000000740000000, 0x0000000740000000, 0x0000000740200000|  0%| F|  |TAMS 0x0000000740000000, 0x0000000740000000| Untracked 
| 513|0x0000000740200000, 0x0000000740200000, 0x0000000740400000|  0%| F|  |TAMS 0x0000000740200000, 0x0000000740200000| Untracked 
| 514|0x0000000740400000, 0x0000000740400000, 0x0000000740600000|  0%| F|  |TAMS 0x0000000740400000, 0x0000000740400000| Untracked 
| 515|0x0000000740600000, 0x0000000740600000, 0x0000000740800000|  0%| F|  |TAMS 0x0000000740600000, 0x0000000740600000| Untracked 
| 516|0x0000000740800000, 0x0000000740800000, 0x0000000740a00000|  0%| F|  |TAMS 0x0000000740800000, 0x0000000740800000| Untracked 
| 517|0x0000000740a00000, 0x0000000740a00000, 0x0000000740c00000|  0%| F|  |TAMS 0x0000000740a00000, 0x0000000740a00000| Untracked 
| 518|0x0000000740c00000, 0x0000000740c00000, 0x0000000740e00000|  0%| F|  |TAMS 0x0000000740c00000, 0x0000000740c00000| Untracked 
| 519|0x0000000740e00000, 0x0000000740e00000, 0x0000000741000000|  0%| F|  |TAMS 0x0000000740e00000, 0x0000000740e00000| Untracked 
| 520|0x0000000741000000, 0x0000000741000000, 0x0000000741200000|  0%| F|  |TAMS 0x0000000741000000, 0x0000000741000000| Untracked 
| 521|0x0000000741200000, 0x0000000741200000, 0x0000000741400000|  0%| F|  |TAMS 0x0000000741200000, 0x0000000741200000| Untracked 
| 522|0x0000000741400000, 0x0000000741400000, 0x0000000741600000|  0%| F|  |TAMS 0x0000000741400000, 0x0000000741400000| Untracked 
| 523|0x0000000741600000, 0x0000000741600000, 0x0000000741800000|  0%| F|  |TAMS 0x0000000741600000, 0x0000000741600000| Untracked 
| 524|0x0000000741800000, 0x0000000741800000, 0x0000000741a00000|  0%| F|  |TAMS 0x0000000741800000, 0x0000000741800000| Untracked 
| 525|0x0000000741a00000, 0x0000000741a00000, 0x0000000741c00000|  0%| F|  |TAMS 0x0000000741a00000, 0x0000000741a00000| Untracked 
| 526|0x0000000741c00000, 0x0000000741c00000, 0x0000000741e00000|  0%| F|  |TAMS 0x0000000741c00000, 0x0000000741c00000| Untracked 
| 527|0x0000000741e00000, 0x0000000741e00000, 0x0000000742000000|  0%| F|  |TAMS 0x0000000741e00000, 0x0000000741e00000| Untracked 
| 528|0x0000000742000000, 0x0000000742000000, 0x0000000742200000|  0%| F|  |TAMS 0x0000000742000000, 0x0000000742000000| Untracked 
| 529|0x0000000742200000, 0x0000000742200000, 0x0000000742400000|  0%| F|  |TAMS 0x0000000742200000, 0x0000000742200000| Untracked 
| 530|0x0000000742400000, 0x0000000742400000, 0x0000000742600000|  0%| F|  |TAMS 0x0000000742400000, 0x0000000742400000| Untracked 
| 531|0x0000000742600000, 0x0000000742600000, 0x0000000742800000|  0%| F|  |TAMS 0x0000000742600000, 0x0000000742600000| Untracked 
| 532|0x0000000742800000, 0x0000000742800000, 0x0000000742a00000|  0%| F|  |TAMS 0x0000000742800000, 0x0000000742800000| Untracked 
| 533|0x0000000742a00000, 0x0000000742a00000, 0x0000000742c00000|  0%| F|  |TAMS 0x0000000742a00000, 0x0000000742a00000| Untracked 
| 534|0x0000000742c00000, 0x0000000742c00000, 0x0000000742e00000|  0%| F|  |TAMS 0x0000000742c00000, 0x0000000742c00000| Untracked 
| 535|0x0000000742e00000, 0x0000000742e00000, 0x0000000743000000|  0%| F|  |TAMS 0x0000000742e00000, 0x0000000742e00000| Untracked 
| 536|0x0000000743000000, 0x0000000743000000, 0x0000000743200000|  0%| F|  |TAMS 0x0000000743000000, 0x0000000743000000| Untracked 
| 537|0x0000000743200000, 0x0000000743200000, 0x0000000743400000|  0%| F|  |TAMS 0x0000000743200000, 0x0000000743200000| Untracked 
| 538|0x0000000743400000, 0x0000000743400000, 0x0000000743600000|  0%| F|  |TAMS 0x0000000743400000, 0x0000000743400000| Untracked 
| 539|0x0000000743600000, 0x0000000743600000, 0x0000000743800000|  0%| F|  |TAMS 0x0000000743600000, 0x0000000743600000| Untracked 
| 540|0x0000000743800000, 0x0000000743800000, 0x0000000743a00000|  0%| F|  |TAMS 0x0000000743800000, 0x0000000743800000| Untracked 
| 541|0x0000000743a00000, 0x0000000743a00000, 0x0000000743c00000|  0%| F|  |TAMS 0x0000000743a00000, 0x0000000743a00000| Untracked 
| 542|0x0000000743c00000, 0x0000000743c00000, 0x0000000743e00000|  0%| F|  |TAMS 0x0000000743c00000, 0x0000000743c00000| Untracked 
| 543|0x0000000743e00000, 0x0000000743e00000, 0x0000000744000000|  0%| F|  |TAMS 0x0000000743e00000, 0x0000000743e00000| Untracked 
| 544|0x0000000744000000, 0x0000000744000000, 0x0000000744200000|  0%| F|  |TAMS 0x0000000744000000, 0x0000000744000000| Untracked 
| 545|0x0000000744200000, 0x0000000744200000, 0x0000000744400000|  0%| F|  |TAMS 0x0000000744200000, 0x0000000744200000| Untracked 
| 546|0x0000000744400000, 0x0000000744400000, 0x0000000744600000|  0%| F|  |TAMS 0x0000000744400000, 0x0000000744400000| Untracked 
| 547|0x0000000744600000, 0x0000000744600000, 0x0000000744800000|  0%| F|  |TAMS 0x0000000744600000, 0x0000000744600000| Untracked 
| 548|0x0000000744800000, 0x0000000744800000, 0x0000000744a00000|  0%| F|  |TAMS 0x0000000744800000, 0x0000000744800000| Untracked 
| 549|0x0000000744a00000, 0x0000000744a00000, 0x0000000744c00000|  0%| F|  |TAMS 0x0000000744a00000, 0x0000000744a00000| Untracked 
| 550|0x0000000744c00000, 0x0000000744c00000, 0x0000000744e00000|  0%| F|  |TAMS 0x0000000744c00000, 0x0000000744c00000| Untracked 
| 551|0x0000000744e00000, 0x0000000744e00000, 0x0000000745000000|  0%| F|  |TAMS 0x0000000744e00000, 0x0000000744e00000| Untracked 
| 552|0x0000000745000000, 0x0000000745000000, 0x0000000745200000|  0%| F|  |TAMS 0x0000000745000000, 0x0000000745000000| Untracked 
| 553|0x0000000745200000, 0x0000000745200000, 0x0000000745400000|  0%| F|  |TAMS 0x0000000745200000, 0x0000000745200000| Untracked 
| 554|0x0000000745400000, 0x0000000745400000, 0x0000000745600000|  0%| F|  |TAMS 0x0000000745400000, 0x0000000745400000| Untracked 
| 555|0x0000000745600000, 0x0000000745600000, 0x0000000745800000|  0%| F|  |TAMS 0x0000000745600000, 0x0000000745600000| Untracked 
| 556|0x0000000745800000, 0x0000000745800000, 0x0000000745a00000|  0%| F|  |TAMS 0x0000000745800000, 0x0000000745800000| Untracked 
| 557|0x0000000745a00000, 0x0000000745a00000, 0x0000000745c00000|  0%| F|  |TAMS 0x0000000745a00000, 0x0000000745a00000| Untracked 
| 558|0x0000000745c00000, 0x0000000745c00000, 0x0000000745e00000|  0%| F|  |TAMS 0x0000000745c00000, 0x0000000745c00000| Untracked 
| 559|0x0000000745e00000, 0x0000000745e00000, 0x0000000746000000|  0%| F|  |TAMS 0x0000000745e00000, 0x0000000745e00000| Untracked 
| 560|0x0000000746000000, 0x0000000746000000, 0x0000000746200000|  0%| F|  |TAMS 0x0000000746000000, 0x0000000746000000| Untracked 
| 561|0x0000000746200000, 0x0000000746200000, 0x0000000746400000|  0%| F|  |TAMS 0x0000000746200000, 0x0000000746200000| Untracked 
| 562|0x0000000746400000, 0x0000000746400000, 0x0000000746600000|  0%| F|  |TAMS 0x0000000746400000, 0x0000000746400000| Untracked 

Card table byte_map: [0x000001d16f280000,0x000001d16fa80000] _byte_map_base: 0x000001d16ba80000

Marking Bits (Prev, Next): (CMBitMap*) 0x000001d157c1ffd0, (CMBitMap*) 0x000001d157c20010
 Prev Bits: [0x000001d170280000, 0x000001d174280000)
 Next Bits: [0x000001d174280000, 0x000001d178280000)

Polling page: 0x000001d155d40000

Metaspace:

Usage:
  Non-class:    135.15 MB used.
      Class:     19.60 MB used.
       Both:    154.75 MB used.

Virtual space:
  Non-class space:      192.00 MB reserved,     136.19 MB ( 71%) committed,  3 nodes.
      Class space:      832.00 MB reserved,      20.56 MB (  2%) committed,  1 nodes.
             Both:        1.00 GB reserved,     156.75 MB ( 15%) committed. 

Chunk freelists:
   Non-Class:  7.72 MB
       Class:  11.48 MB
        Both:  19.20 MB

MaxMetaspaceSize: 1.00 GB
CompressedClassSpaceSize: 832.00 MB
Initial GC threshold: 21.00 MB
Current GC threshold: 248.38 MB
CDS: on
MetaspaceReclaimPolicy: balanced
 - commit_granule_bytes: 65536.
 - commit_granule_words: 8192.
 - virtual_space_node_default_size: 8388608.
 - enlarge_chunks_in_place: 1.
 - new_chunks_are_fully_committed: 0.
 - uncommit_free_chunks: 1.
 - use_allocation_guard: 0.
 - handle_deallocations: 1.


Internal statistics:

num_allocs_failed_limit: 6.
num_arena_births: 3306.
num_arena_deaths: 0.
num_vsnodes_births: 4.
num_vsnodes_deaths: 0.
num_space_committed: 2506.
num_space_uncommitted: 0.
num_chunks_returned_to_freelist: 6.
num_chunks_taken_from_freelist: 10404.
num_chunk_merges: 6.
num_chunk_splits: 6831.
num_chunks_enlarged: 4411.
num_inconsistent_stats: 0.

CodeHeap 'non-profiled nmethods': size=120000Kb used=19022Kb max_used=19022Kb free=100977Kb
 bounds [0x000001d167210000, 0x000001d1684b0000, 0x000001d16e740000]
CodeHeap 'profiled nmethods': size=120000Kb used=65495Kb max_used=65495Kb free=54504Kb
 bounds [0x000001d15f740000, 0x000001d163740000, 0x000001d166c70000]
CodeHeap 'non-nmethods': size=5760Kb used=1941Kb max_used=2052Kb free=3818Kb
 bounds [0x000001d166c70000, 0x000001d166ee0000, 0x000001d167210000]
 total_blobs=26646 nmethods=25573 adapters=981
 compilation: enabled
              stopped_count=0, restarted_count=0
 full_count=0

Compilation events (20 events):
Event: 858.033 Thread 0x000001d13be88250 30206       4       org.jetbrains.kotlin.codegen.pseudoInsns.PseudoInsnsKt::parsePseudoInsnOrNull (34 bytes)
Event: 858.036 Thread 0x000001d13be88250 nmethod 30206 0x000001d168498b90 code [0x000001d168498d40, 0x000001d168498f78]
Event: 858.036 Thread 0x000001d13be88250 30212       4       org.jetbrains.kotlin.codegen.optimization.nullCheck.RedundantNullCheckMethodTransformerKt::isCheckNotNullWithMessage (160 bytes)
Event: 858.038 Thread 0x000001d17ad0ae30 nmethod 30195 0x000001d168499110 code [0x000001d168499380, 0x000001d16849b820]
Event: 858.038 Thread 0x000001d17ad0ae30 30213       4       org.jetbrains.kotlin.codegen.optimization.nullCheck.RedundantNullCheckMethodTransformerKt::isCheckExpressionValueIsNotNull (173 bytes)
Event: 858.040 Thread 0x000001d13be88250 nmethod 30212 0x000001d16849ca10 code [0x000001d16849cba0, 0x000001d16849ce98]
Event: 858.040 Thread 0x000001d13be88250 30198       4       org.jetbrains.kotlin.codegen.optimization.boxing.BoxingInterpreterKt::isBoxing (55 bytes)
Event: 858.044 Thread 0x000001d17ad0ae30 nmethod 30213 0x000001d16849d010 code [0x000001d16849d1c0, 0x000001d16849d718]
Event: 858.058 Thread 0x000001d13be88250 nmethod 30198 0x000001d16849d890 code [0x000001d16849dae0, 0x000001d16849e700]
Event: 858.058 Thread 0x000001d13be88cf0 nmethod 30209 0x000001d16849ed10 code [0x000001d16849efa0, 0x000001d16849feb0]
Event: 858.228 Thread 0x000001d13be88250 30217       4       org.jetbrains.kotlin.protobuf.FieldSet::makeImmutable (21 bytes)
Event: 858.240 Thread 0x000001d13be88250 nmethod 30217 0x000001d1684a0990 code [0x000001d1684a0b80, 0x000001d1684a1358]
Event: 858.680 Thread 0x000001d17ad0b740 30218       3       org.jetbrains.org.objectweb.asm.AnnotationWriter::visit (935 bytes)
Event: 858.685 Thread 0x000001d17ad0b740 nmethod 30218 0x000001d163731390 code [0x000001d163731ac0, 0x000001d163735bb8]
Event: 858.685 Thread 0x000001d17ad0b740 30219       3       org.jetbrains.kotlin.ir.declarations.IrDeclarationOrigin$Companion::getGENERATED_SAM_IMPLEMENTATION (19 bytes)
Event: 858.686 Thread 0x000001d17ad0b740 nmethod 30219 0x000001d163737210 code [0x000001d163737440, 0x000001d163737ab8]
Event: 858.704 Thread 0x000001d17ad0b740 30220       3       org.jetbrains.org.objectweb.asm.Attribute::putAttributes (78 bytes)
Event: 858.704 Thread 0x000001d17ad0b740 nmethod 30220 0x000001d163737d90 code [0x000001d163737fe0, 0x000001d1637384f8]
Event: 858.707 Thread 0x000001d17ad0ae30 30221       4       org.jetbrains.org.objectweb.asm.SymbolTable::addConstantUtf8 (98 bytes)
Event: 858.757 Thread 0x000001d17ad0ae30 nmethod 30221 0x000001d1684a1990 code [0x000001d1684a1b80, 0x000001d1684a3228]

GC Heap History (20 events):
Event: 50.154 GC heap after
{Heap after GC invocations=59 (full 0):
 garbage-first heap   total 731136K, used 224152K [0x0000000700000000, 0x0000000800000000)
  region size 2048K, 4 young (8192K), 4 survivors (8192K)
 Metaspace       used 141823K, committed 143104K, reserved 983040K
  class space    used 18135K, committed 18752K, reserved 851968K
}
Event: 55.970 GC heap before
{Heap before GC invocations=59 (full 0):
 garbage-first heap   total 731136K, used 549784K [0x0000000700000000, 0x0000000800000000)
  region size 2048K, 163 young (333824K), 4 survivors (8192K)
 Metaspace       used 143900K, committed 145280K, reserved 983040K
  class space    used 18282K, committed 18944K, reserved 851968K
}
Event: 56.002 GC heap after
{Heap after GC invocations=60 (full 0):
 garbage-first heap   total 731136K, used 255684K [0x0000000700000000, 0x0000000800000000)
  region size 2048K, 20 young (40960K), 20 survivors (40960K)
 Metaspace       used 143900K, committed 145280K, reserved 983040K
  class space    used 18282K, committed 18944K, reserved 851968K
}
Event: 58.035 GC heap before
{Heap before GC invocations=60 (full 0):
 garbage-first heap   total 731136K, used 542404K [0x0000000700000000, 0x0000000800000000)
  region size 2048K, 161 young (329728K), 20 survivors (40960K)
 Metaspace       used 144559K, committed 145920K, reserved 983040K
  class space    used 18293K, committed 18944K, reserved 851968K
}
Event: 58.085 GC heap after
{Heap after GC invocations=61 (full 0):
 garbage-first heap   total 731136K, used 296960K [0x0000000700000000, 0x0000000800000000)
  region size 2048K, 21 young (43008K), 21 survivors (43008K)
 Metaspace       used 144559K, committed 145920K, reserved 983040K
  class space    used 18293K, committed 18944K, reserved 851968K
}
Event: 130.351 GC heap before
{Heap before GC invocations=61 (full 0):
 garbage-first heap   total 731136K, used 546816K [0x0000000700000000, 0x0000000800000000)
  region size 2048K, 143 young (292864K), 21 survivors (43008K)
 Metaspace       used 148093K, committed 149760K, reserved 983040K
  class space    used 18812K, committed 19584K, reserved 851968K
}
Event: 130.395 GC heap after
{Heap after GC invocations=62 (full 0):
 garbage-first heap   total 731136K, used 324196K [0x0000000700000000, 0x0000000800000000)
  region size 2048K, 13 young (26624K), 13 survivors (26624K)
 Metaspace       used 148093K, committed 149760K, reserved 983040K
  class space    used 18812K, committed 19584K, reserved 851968K
}
Event: 477.858 GC heap before
{Heap before GC invocations=63 (full 0):
 garbage-first heap   total 731136K, used 510564K [0x0000000700000000, 0x0000000800000000)
  region size 2048K, 127 young (260096K), 13 survivors (26624K)
 Metaspace       used 149183K, committed 150912K, reserved 1048576K
  class space    used 18872K, committed 19648K, reserved 851968K
}
Event: 477.876 GC heap after
{Heap after GC invocations=64 (full 0):
 garbage-first heap   total 731136K, used 272267K [0x0000000700000000, 0x0000000800000000)
  region size 2048K, 4 young (8192K), 4 survivors (8192K)
 Metaspace       used 149183K, committed 150912K, reserved 1048576K
  class space    used 18872K, committed 19648K, reserved 851968K
}
Event: 478.122 GC heap before
{Heap before GC invocations=64 (full 0):
 garbage-first heap   total 731136K, used 298891K [0x0000000700000000, 0x0000000800000000)
  region size 2048K, 17 young (34816K), 4 survivors (8192K)
 Metaspace       used 149273K, committed 151040K, reserved 1048576K
  class space    used 18875K, committed 19712K, reserved 851968K
}
Event: 478.139 GC heap after
{Heap after GC invocations=65 (full 0):
 garbage-first heap   total 731136K, used 206357K [0x0000000700000000, 0x0000000800000000)
  region size 2048K, 2 young (4096K), 2 survivors (4096K)
 Metaspace       used 149273K, committed 151040K, reserved 1048576K
  class space    used 18875K, committed 19712K, reserved 851968K
}
Event: 478.632 GC heap before
{Heap before GC invocations=65 (full 0):
 garbage-first heap   total 731136K, used 237077K [0x0000000700000000, 0x0000000800000000)
  region size 2048K, 17 young (34816K), 2 survivors (4096K)
 Metaspace       used 149480K, committed 151232K, reserved 1048576K
  class space    used 18887K, committed 19712K, reserved 851968K
}
Event: 478.646 GC heap after
{Heap after GC invocations=66 (full 0):
 garbage-first heap   total 731136K, used 198466K [0x0000000700000000, 0x0000000800000000)
  region size 2048K, 3 young (6144K), 3 survivors (6144K)
 Metaspace       used 149480K, committed 151232K, reserved 1048576K
  class space    used 18887K, committed 19712K, reserved 851968K
}
Event: 627.515 GC heap before
{Heap before GC invocations=66 (full 0):
 garbage-first heap   total 731136K, used 542530K [0x0000000700000000, 0x0000000800000000)
  region size 2048K, 171 young (350208K), 3 survivors (6144K)
 Metaspace       used 150663K, committed 152576K, reserved 1048576K
  class space    used 18997K, committed 19904K, reserved 851968K
}
Event: 627.955 GC heap after
{Heap after GC invocations=67 (full 0):
 garbage-first heap   total 731136K, used 211249K [0x0000000700000000, 0x0000000800000000)
  region size 2048K, 9 young (18432K), 9 survivors (18432K)
 Metaspace       used 150663K, committed 152576K, reserved 1048576K
  class space    used 18997K, committed 19904K, reserved 851968K
}
Event: 785.058 GC heap before
{Heap before GC invocations=68 (full 0):
 garbage-first heap   total 602112K, used 514353K [0x0000000700000000, 0x0000000800000000)
  region size 2048K, 178 young (364544K), 9 survivors (18432K)
 Metaspace       used 153850K, committed 155904K, reserved 1048576K
  class space    used 19531K, committed 20480K, reserved 851968K
}
Event: 785.094 GC heap after
{Heap after GC invocations=69 (full 0):
 garbage-first heap   total 602112K, used 172706K [0x0000000700000000, 0x0000000800000000)
  region size 2048K, 11 young (22528K), 11 survivors (22528K)
 Metaspace       used 153850K, committed 155904K, reserved 1048576K
  class space    used 19531K, committed 20480K, reserved 851968K
}
Event: 785.167 GC heap before
{Heap before GC invocations=69 (full 0):
 garbage-first heap   total 602112K, used 178850K [0x0000000700000000, 0x0000000800000000)
  region size 2048K, 14 young (28672K), 11 survivors (22528K)
 Metaspace       used 154061K, committed 156096K, reserved 1048576K
  class space    used 19577K, committed 20544K, reserved 851968K
}
Event: 785.282 GC heap after
{Heap after GC invocations=70 (full 0):
 garbage-first heap   total 602112K, used 133772K [0x0000000700000000, 0x0000000800000000)
  region size 2048K, 2 young (4096K), 2 survivors (4096K)
 Metaspace       used 154061K, committed 156096K, reserved 1048576K
  class space    used 19577K, committed 20544K, reserved 851968K
}
Event: 858.937 GC heap before
{Heap before GC invocations=70 (full 0):
 garbage-first heap   total 602112K, used 459404K [0x0000000700000000, 0x0000000800000000)
  region size 2048K, 161 young (329728K), 2 survivors (4096K)
 Metaspace       used 158464K, committed 160512K, reserved 1048576K
  class space    used 20068K, committed 21056K, reserved 851968K
}

Dll operation events (15 events):
Event: 0.022 Loaded shared library C:\Program Files\Microsoft\jdk-17.0.19.10-hotspot\bin\java.dll
Event: 0.056 Loaded shared library C:\Program Files\Microsoft\jdk-17.0.19.10-hotspot\bin\jsvml.dll
Event: 0.250 Loaded shared library C:\Program Files\Microsoft\jdk-17.0.19.10-hotspot\bin\zip.dll
Event: 0.254 Loaded shared library C:\Program Files\Microsoft\jdk-17.0.19.10-hotspot\bin\instrument.dll
Event: 0.265 Loaded shared library C:\Program Files\Microsoft\jdk-17.0.19.10-hotspot\bin\net.dll
Event: 0.268 Loaded shared library C:\Program Files\Microsoft\jdk-17.0.19.10-hotspot\bin\nio.dll
Event: 0.273 Loaded shared library C:\Program Files\Microsoft\jdk-17.0.19.10-hotspot\bin\zip.dll
Event: 0.884 Loaded shared library C:\Program Files\Microsoft\jdk-17.0.19.10-hotspot\bin\jimage.dll
Event: 1.391 Loaded shared library C:\Program Files\Microsoft\jdk-17.0.19.10-hotspot\bin\verify.dll
Event: 1.487 Loaded shared library C:\Users\marca\.gradle\native\1def1411415f61bf3af743bc5b6707747c0891f09f0c88961ee8f79bc544acac\windows-amd64\native-platform.dll
Event: 1.513 Loaded shared library C:\Users\marca\.gradle\native\0.2.8\x86_64-windows-gnu\gradle-fileevents.dll
Event: 3.878 Loaded shared library C:\Program Files\Microsoft\jdk-17.0.19.10-hotspot\bin\management.dll
Event: 3.883 Loaded shared library C:\Program Files\Microsoft\jdk-17.0.19.10-hotspot\bin\management_ext.dll
Event: 4.654 Loaded shared library C:\Program Files\Microsoft\jdk-17.0.19.10-hotspot\bin\extnet.dll
Event: 5.159 Loaded shared library C:\Program Files\Microsoft\jdk-17.0.19.10-hotspot\bin\sunmscapi.dll

Deoptimization events (20 events):
Event: 856.225 Thread 0x000001d15379d450 Uncommon trap: trap_request=0xffffffde fr.pc=0x000001d167d336dc relative=0x0000000000000b3c
Event: 856.225 Thread 0x000001d15379d450 Uncommon trap: reason=class_check action=maybe_recompile pc=0x000001d167d336dc method=org.jetbrains.kotlin.backend.jvm.intrinsics.IrIntrinsicMethods$Companion.computeParameterFqName(Lorg/jetbrains/kotlin/ir/symbols/IrClassifierSymbol;)Lorg/jetbrains/kotli
Event: 856.225 Thread 0x000001d15379d450 DEOPT PACKING pc=0x000001d167d336dc sp=0x000000d081af2e00
Event: 856.225 Thread 0x000001d15379d450 DEOPT UNPACKING pc=0x000001d166cc69a3 sp=0x000000d081af2dc8 mode 2
Event: 857.908 Thread 0x000001d15379d450 Uncommon trap: trap_request=0xffffff45 fr.pc=0x000001d16848d9c4 relative=0x0000000000005c44
Event: 857.908 Thread 0x000001d15379d450 Uncommon trap: reason=unstable_if action=reinterpret pc=0x000001d16848d9c4 method=org.jetbrains.org.objectweb.asm.tree.analysis.Frame.execute(Lorg/jetbrains/org/objectweb/asm/tree/AbstractInsnNode;Lorg/jetbrains/org/objectweb/asm/tree/analysis/Interpreter
Event: 857.908 Thread 0x000001d15379d450 DEOPT PACKING pc=0x000001d16848d9c4 sp=0x000000d081af2e30
Event: 857.908 Thread 0x000001d15379d450 DEOPT UNPACKING pc=0x000001d166cc69a3 sp=0x000000d081af2e20 mode 2
Event: 857.947 Thread 0x000001d15379d450 Uncommon trap: trap_request=0xffffffde fr.pc=0x000001d167d336dc relative=0x0000000000000b3c
Event: 857.947 Thread 0x000001d15379d450 Uncommon trap: reason=class_check action=maybe_recompile pc=0x000001d167d336dc method=org.jetbrains.kotlin.backend.jvm.intrinsics.IrIntrinsicMethods$Companion.computeParameterFqName(Lorg/jetbrains/kotlin/ir/symbols/IrClassifierSymbol;)Lorg/jetbrains/kotli
Event: 857.947 Thread 0x000001d15379d450 DEOPT PACKING pc=0x000001d167d336dc sp=0x000000d081af3480
Event: 857.947 Thread 0x000001d15379d450 DEOPT UNPACKING pc=0x000001d166cc69a3 sp=0x000000d081af3448 mode 2
Event: 858.392 Thread 0x000001d15379d450 Uncommon trap: trap_request=0xffffff45 fr.pc=0x000001d16770c5d0 relative=0x0000000000000f30
Event: 858.392 Thread 0x000001d15379d450 Uncommon trap: reason=unstable_if action=reinterpret pc=0x000001d16770c5d0 method=org.jetbrains.kotlin.metadata.ProtoBuf$Type.isInitialized()Z @ 7 c2
Event: 858.392 Thread 0x000001d15379d450 DEOPT PACKING pc=0x000001d16770c5d0 sp=0x000000d081af41d0
Event: 858.392 Thread 0x000001d15379d450 DEOPT UNPACKING pc=0x000001d166cc69a3 sp=0x000000d081af4180 mode 2
Event: 858.497 Thread 0x000001d15379d450 Uncommon trap: trap_request=0xffffff45 fr.pc=0x000001d167e0d6b0 relative=0x0000000000001310
Event: 858.497 Thread 0x000001d15379d450 Uncommon trap: reason=unstable_if action=reinterpret pc=0x000001d167e0d6b0 method=org.jetbrains.kotlin.metadata.ProtoBuf$Property.isInitialized()Z @ 7 c2
Event: 858.497 Thread 0x000001d15379d450 DEOPT PACKING pc=0x000001d167e0d6b0 sp=0x000000d081af4330
Event: 858.497 Thread 0x000001d15379d450 DEOPT UNPACKING pc=0x000001d166cc69a3 sp=0x000000d081af42d0 mode 2

Classes loaded (20 events):
Event: 784.847 Loading class java/util/stream/ReduceOps$6
Event: 784.847 Loading class java/util/stream/ReduceOps$6 done
Event: 784.847 Loading class java/util/stream/ReduceOps$5ReducingSink
Event: 784.847 Loading class java/util/stream/ReduceOps$5ReducingSink done
Event: 784.847 Loading class java/util/stream/ReferencePipeline$4$1
Event: 784.847 Loading class java/util/stream/ReferencePipeline$4$1 done
Event: 785.154 Loading class java/io/SequenceInputStream
Event: 785.155 Loading class java/io/SequenceInputStream done
Event: 785.431 Loading class java/nio/file/FileTreeWalker$1
Event: 785.432 Loading class java/nio/file/FileTreeWalker$1 done
Event: 786.826 Loading class java/util/Currency
Event: 786.827 Loading class java/util/Currency done
Event: 786.893 Loading class sun/reflect/generics/repository/FieldRepository
Event: 786.893 Loading class sun/reflect/generics/repository/FieldRepository done
Event: 786.911 Loading class jdk/internal/vm/annotation/ForceInline
Event: 786.911 Loading class jdk/internal/vm/annotation/ForceInline done
Event: 786.930 Loading class java/util/AbstractMap$2
Event: 786.930 Loading class java/util/AbstractMap$2 done
Event: 786.930 Loading class java/util/AbstractMap$2$1
Event: 786.930 Loading class java/util/AbstractMap$2$1 done

Classes unloaded (0 events):
No events

Classes redefined (0 events):
No events

Internal exceptions (20 events):
Event: 786.695 Thread 0x000001d15379d450 Exception <a 'java/lang/ClassNotFoundException'{0x000000072041ce98}: com/facebook/react/ReactSettingsExtensionCustomizer> (0x000000072041ce98) 
thrown [s\src\hotspot\share\classfile\systemDictionary.cpp, line 256]
Event: 786.697 Thread 0x000001d15379d450 Exception <a 'java/lang/ClassNotFoundException'{0x000000072042ed20}: com/facebook/react/ReactSettingsExtension_DecoratedCustomizer> (0x000000072042ed20) 
thrown [s\src\hotspot\share\classfile\systemDictionary.cpp, line 256]
Event: 786.730 Thread 0x000001d15379d450 Exception <a 'java/lang/NoSuchMethodError'{0x00000007204c13a0}: 'java.lang.Object java.lang.invoke.Invokers$Holder.invokeExact_MT(java.lang.Object, java.lang.Object, java.lang.Object, int, java.lang.Object, java.lang.Object)'> (0x00000007204c13a0) 
thrown [s\src\hotspot\share\interpreter\linkResolver.cpp, line 759]
Event: 789.690 Thread 0x000001d15379d450 Exception <a 'java/lang/ClassNotFoundException'{0x000000071f6ad5f0}: org/gradle/initialization/DefaultProjectDescriptorBeanInfo> (0x000000071f6ad5f0) 
thrown [s\src\hotspot\share\classfile\systemDictionary.cpp, line 256]
Event: 789.691 Thread 0x000001d15379d450 Exception <a 'java/lang/ClassNotFoundException'{0x000000071f6bfc08}: org/gradle/initialization/DefaultProjectDescriptorCustomizer> (0x000000071f6bfc08) 
thrown [s\src\hotspot\share\classfile\systemDictionary.cpp, line 256]
Event: 791.031 Thread 0x000001d15379d450 Exception <a 'sun/nio/fs/WindowsException'{0x000000071f4de398}> (0x000000071f4de398) 
thrown [s\src\hotspot\share\prims\jni.cpp, line 516]
Event: 791.032 Thread 0x000001d15379d450 Exception <a 'sun/nio/fs/WindowsException'{0x000000071f4dfdb8}> (0x000000071f4dfdb8) 
thrown [s\src\hotspot\share\prims\jni.cpp, line 516]
Event: 791.032 Thread 0x000001d15379d450 Exception <a 'sun/nio/fs/WindowsException'{0x000000071f4e17c8}> (0x000000071f4e17c8) 
thrown [s\src\hotspot\share\prims\jni.cpp, line 516]
Event: 791.033 Thread 0x000001d15379d450 Exception <a 'sun/nio/fs/WindowsException'{0x000000071f4e31b8}> (0x000000071f4e31b8) 
thrown [s\src\hotspot\share\prims\jni.cpp, line 516]
Event: 791.046 Thread 0x000001d15379d450 Exception <a 'sun/nio/fs/WindowsException'{0x000000071f50ba08}> (0x000000071f50ba08) 
thrown [s\src\hotspot\share\prims\jni.cpp, line 516]
Event: 791.047 Thread 0x000001d15379d450 Exception <a 'sun/nio/fs/WindowsException'{0x000000071f50d058}> (0x000000071f50d058) 
thrown [s\src\hotspot\share\prims\jni.cpp, line 516]
Event: 791.048 Thread 0x000001d15379d450 Exception <a 'sun/nio/fs/WindowsException'{0x000000071f50f2f0}> (0x000000071f50f2f0) 
thrown [s\src\hotspot\share\prims\jni.cpp, line 516]
Event: 792.976 Thread 0x000001d15379d450 Exception <a 'sun/nio/fs/WindowsException'{0x000000071bc965c8}> (0x000000071bc965c8) 
thrown [s\src\hotspot\share\prims\jni.cpp, line 516]
Event: 792.977 Thread 0x000001d15379d450 Exception <a 'sun/nio/fs/WindowsException'{0x000000071bc98658}> (0x000000071bc98658) 
thrown [s\src\hotspot\share\prims\jni.cpp, line 516]
Event: 813.564 Thread 0x000001d15379d450 Implicit null exception at 0x000001d167a9c4ae to 0x000001d167a9c5a4
Event: 813.567 Thread 0x000001d15379d450 Exception <a 'java/lang/NoSuchMethodError'{0x000000071442d7a8}: 'int java.lang.invoke.DirectMethodHandle$Holder.invokeStatic(java.lang.Object, java.lang.Object, java.lang.Object, java.lang.Object, java.lang.Object, int, java.lang.Object)'> (0x000000071442d7a8) 
thrown [s\src\hotspot\share\interpreter\linkResolver.cpp, line 759]
Event: 813.568 Thread 0x000001d15379d450 Exception <a 'java/lang/NoSuchMethodError'{0x0000000714437ab0}: 'java.lang.Object java.lang.invoke.DirectMethodHandle$Holder.newInvokeSpecial(java.lang.Object, java.lang.Object, java.lang.Object, java.lang.Object, java.lang.Object, int)'> (0x0000000714437ab0) 
thrown [s\src\hotspot\share\interpreter\linkResolver.cpp, line 759]
Event: 813.569 Thread 0x000001d15379d450 Exception <a 'java/lang/NoSuchMethodError'{0x000000071443dd20}: 'java.lang.Object java.lang.invoke.DirectMethodHandle$Holder.invokeSpecial(java.lang.Object, java.lang.Object, java.lang.Object, java.lang.Object, java.lang.Object, java.lang.Object, int)'> (0x000000071443dd20) 
thrown [s\src\hotspot\share\interpreter\linkResolver.cpp, line 759]
Event: 813.569 Thread 0x000001d15379d450 Exception <a 'java/lang/NoSuchMethodError'{0x00000007144435e0}: 'java.lang.Object java.lang.invoke.Invokers$Holder.linkToTargetMethod(java.lang.Object, java.lang.Object, java.lang.Object, java.lang.Object, int, java.lang.Object)'> (0x00000007144435e0) 
thrown [s\src\hotspot\share\interpreter\linkResolver.cpp, line 759]
Event: 816.856 Thread 0x000001d15379d450 Exception <a 'java/lang/NoSuchMethodError'{0x0000000713234430}: 'java.lang.Object java.lang.invoke.DirectMethodHandle$Holder.invokeStatic(java.lang.Object, java.lang.Object, java.lang.Object, int, java.lang.Object, java.lang.Object)'> (0x0000000713234430) 
thrown [s\src\hotspot\share\interpreter\linkResolver.cpp, line 759]

VM Operations (20 events):
Event: 848.324 Executing VM operation: HandshakeAllThreads done
Event: 849.327 Executing VM operation: Cleanup
Event: 849.390 Executing VM operation: Cleanup done
Event: 850.405 Executing VM operation: Cleanup
Event: 850.575 Executing VM operation: Cleanup done
Event: 851.590 Executing VM operation: Cleanup
Event: 851.605 Executing VM operation: Cleanup done
Event: 852.608 Executing VM operation: Cleanup
Event: 852.656 Executing VM operation: Cleanup done
Event: 853.668 Executing VM operation: Cleanup
Event: 853.808 Executing VM operation: Cleanup done
Event: 854.818 Executing VM operation: Cleanup
Event: 854.849 Executing VM operation: Cleanup done
Event: 855.863 Executing VM operation: Cleanup
Event: 855.974 Executing VM operation: Cleanup done
Event: 856.989 Executing VM operation: Cleanup
Event: 857.053 Executing VM operation: Cleanup done
Event: 858.064 Executing VM operation: Cleanup
Event: 858.127 Executing VM operation: Cleanup done
Event: 858.937 Executing VM operation: G1CollectForAllocation

Memory protections (0 events):
No events

Nmethod flushes (20 events):
Event: 817.294 Thread 0x000001d17ad0c050 flushing  nmethod 0x000001d167f79a90
Event: 817.294 Thread 0x000001d17ad0c050 flushing  nmethod 0x000001d167f7ac90
Event: 817.295 Thread 0x000001d17ad0c050 flushing  nmethod 0x000001d167fe4210
Event: 817.295 Thread 0x000001d17ad0c050 flushing  nmethod 0x000001d167ffab90
Event: 817.295 Thread 0x000001d17ad0c050 flushing  nmethod 0x000001d168074e10
Event: 817.296 Thread 0x000001d17ad0c050 flushing  nmethod 0x000001d16812e010
Event: 817.297 Thread 0x000001d17ad0c050 flushing  nmethod 0x000001d1681ae990
Event: 817.297 Thread 0x000001d17ad0c050 flushing  nmethod 0x000001d168267990
Event: 817.303 Thread 0x000001d17ad0c050 flushing  nmethod 0x000001d15f986810
Event: 817.313 Thread 0x000001d17ad0c050 flushing  nmethod 0x000001d16002ff90
Event: 817.316 Thread 0x000001d17ad0c050 flushing  nmethod 0x000001d160262e90
Event: 817.316 Thread 0x000001d17ad0c050 flushing  nmethod 0x000001d16026cb90
Event: 817.317 Thread 0x000001d17ad0c050 flushing  nmethod 0x000001d16035ac10
Event: 817.339 Thread 0x000001d17ad0c050 flushing  nmethod 0x000001d1614d8810
Event: 817.339 Thread 0x000001d17ad0c050 flushing  nmethod 0x000001d1614da110
Event: 817.355 Thread 0x000001d17ad0c050 flushing  nmethod 0x000001d162290390
Event: 817.359 Thread 0x000001d17ad0c050 flushing  nmethod 0x000001d162588b90
Event: 817.366 Thread 0x000001d17ad0c050 flushing  nmethod 0x000001d162b71b10
Event: 817.367 Thread 0x000001d17ad0c050 flushing  nmethod 0x000001d162b74990
Event: 817.377 Thread 0x000001d17ad0c050 flushing  nmethod 0x000001d1632b4890

Events (20 events):
Event: 842.717 Thread 0x000001d17ad0b740 Thread added: 0x000001d137b89ef0
Event: 842.852 Thread 0x000001d137b89ef0 Thread exited: 0x000001d137b89ef0
Event: 842.852 Thread 0x000001d137b8aee0 Thread exited: 0x000001d137b8aee0
Event: 844.355 Thread 0x000001d13cacb2c0 Thread exited: 0x000001d13cacb2c0
Event: 844.355 Thread 0x000001d1537a06f0 Thread exited: 0x000001d1537a06f0
Event: 844.355 Thread 0x000001d13cac9970 Thread exited: 0x000001d13cac9970
Event: 844.442 Thread 0x000001d138802cf0 Thread exited: 0x000001d138802cf0
Event: 845.855 Thread 0x000001d1387fff60 Thread exited: 0x000001d1387fff60
Event: 845.931 Thread 0x000001d1387ff540 Thread exited: 0x000001d1387ff540
Event: 850.779 Thread 0x000001d1464ab970 Thread exited: 0x000001d1464ab970
Event: 850.779 Thread 0x000001d1464ab460 Thread exited: 0x000001d1464ab460
Event: 850.811 Thread 0x000001d135537820 Thread exited: 0x000001d135537820
Event: 852.005 Thread 0x000001d17ad0b740 Thread added: 0x000001d13be832a0
Event: 852.333 Thread 0x000001d13be832a0 Thread exited: 0x000001d13be832a0
Event: 856.226 Thread 0x000001d17ad0b740 Thread added: 0x000001d13be88250
Event: 856.449 Thread 0x000001d13be88250 Thread exited: 0x000001d13be88250
Event: 858.013 Thread 0x000001d17ad0b740 Thread added: 0x000001d13be88250
Event: 858.014 Thread 0x000001d17ad0b740 Thread added: 0x000001d13be88cf0
Event: 858.228 Thread 0x000001d13be88cf0 Thread exited: 0x000001d13be88cf0
Event: 858.680 Thread 0x000001d13be88250 Thread exited: 0x000001d13be88250


Dynamic libraries:
0x00007ff604460000 - 0x00007ff60446e000 	C:\Program Files\Microsoft\jdk-17.0.19.10-hotspot\bin\java.exe
0x00007ffa1f4e0000 - 0x00007ffa1f747000 	C:\WINDOWS\SYSTEM32\ntdll.dll
0x00007ffa1e3c0000 - 0x00007ffa1e489000 	C:\WINDOWS\System32\KERNEL32.DLL
0x00007ffa1cd10000 - 0x00007ffa1d107000 	C:\WINDOWS\System32\KERNELBASE.dll
0x00007ffa1d110000 - 0x00007ffa1d25b000 	C:\WINDOWS\System32\ucrtbase.dll
0x00007ffa0c010000 - 0x00007ffa0c028000 	C:\Program Files\Microsoft\jdk-17.0.19.10-hotspot\bin\jli.dll
0x00007ffa0c170000 - 0x00007ffa0c18e000 	C:\Program Files\Microsoft\jdk-17.0.19.10-hotspot\bin\VCRUNTIME140.dll
0x00007ffa1d670000 - 0x00007ffa1d836000 	C:\WINDOWS\System32\USER32.dll
0x00007ffa1ca60000 - 0x00007ffa1ca87000 	C:\WINDOWS\System32\win32u.dll
0x00007ffa1db50000 - 0x00007ffa1db7b000 	C:\WINDOWS\System32\GDI32.dll
0x00007ffa085e0000 - 0x00007ffa08872000 	C:\WINDOWS\WinSxS\amd64_microsoft.windows.common-controls_6595b64144ccf1df_6.0.26100.8457_none_3e0b2faee331e92d\COMCTL32.dll
0x00007ffa1cb20000 - 0x00007ffa1cc4c000 	C:\WINDOWS\System32\gdi32full.dll
0x00007ffa1e4a0000 - 0x00007ffa1e549000 	C:\WINDOWS\System32\msvcrt.dll
0x00007ffa1c780000 - 0x00007ffa1c823000 	C:\WINDOWS\System32\msvcp_win.dll
0x00007ffa1e550000 - 0x00007ffa1e582000 	C:\WINDOWS\System32\IMM32.DLL
0x00007ffa0de80000 - 0x00007ffa0de8c000 	C:\Program Files\Microsoft\jdk-17.0.19.10-hotspot\bin\vcruntime140_1.dll
0x00007ffa01df0000 - 0x00007ffa01e79000 	C:\Program Files\Microsoft\jdk-17.0.19.10-hotspot\bin\msvcp140.dll
0x00007ff98b590000 - 0x00007ff98c20b000 	C:\Program Files\Microsoft\jdk-17.0.19.10-hotspot\bin\server\jvm.dll
0x00007ffa1e040000 - 0x00007ffa1e0f6000 	C:\WINDOWS\System32\ADVAPI32.dll
0x00007ffa1f3f0000 - 0x00007ffa1f497000 	C:\WINDOWS\System32\sechost.dll
0x00007ffa1e7f0000 - 0x00007ffa1e908000 	C:\WINDOWS\System32\RPCRT4.dll
0x00007ffa1d920000 - 0x00007ffa1d9a0000 	C:\WINDOWS\System32\WS2_32.dll
0x00007ffa069b0000 - 0x00007ffa069e6000 	C:\WINDOWS\SYSTEM32\WINMM.dll
0x00007ffa1bd90000 - 0x00007ffa1bdee000 	C:\WINDOWS\SYSTEM32\POWRPROF.dll
0x00007ffa0e7a0000 - 0x00007ffa0e7ab000 	C:\WINDOWS\SYSTEM32\VERSION.dll
0x00007ffa1bd70000 - 0x00007ffa1bd84000 	C:\WINDOWS\SYSTEM32\UMPDC.dll
0x00007ffa1aca0000 - 0x00007ffa1acbb000 	C:\WINDOWS\SYSTEM32\kernel.appcore.dll
0x00007ffa0cd30000 - 0x00007ffa0cd3a000 	C:\Program Files\Microsoft\jdk-17.0.19.10-hotspot\bin\jimage.dll
0x00007ffa197f0000 - 0x00007ffa19a32000 	C:\WINDOWS\SYSTEM32\DBGHELP.DLL
0x00007ffa1d2e0000 - 0x00007ffa1d663000 	C:\WINDOWS\System32\combase.dll
0x00007ffa1d9b0000 - 0x00007ffa1da89000 	C:\WINDOWS\System32\OLEAUT32.dll
0x00007ffa060b0000 - 0x00007ffa060eb000 	C:\WINDOWS\SYSTEM32\dbgcore.DLL
0x00007ffa1c9b0000 - 0x00007ffa1ca58000 	C:\WINDOWS\System32\bcryptPrimitives.dll
0x00007ffa08250000 - 0x00007ffa0825f000 	C:\Program Files\Microsoft\jdk-17.0.19.10-hotspot\bin\instrument.dll
0x00007ffa088a0000 - 0x00007ffa088c6000 	C:\Program Files\Microsoft\jdk-17.0.19.10-hotspot\bin\java.dll
0x00007ff9d6350000 - 0x00007ff9d6426000 	C:\Program Files\Microsoft\jdk-17.0.19.10-hotspot\bin\jsvml.dll
0x00007ffa1e910000 - 0x00007ffa1f07e000 	C:\WINDOWS\System32\SHELL32.dll
0x00007ffa1bf10000 - 0x00007ffa1c77c000 	C:\WINDOWS\System32\windows.storage.dll
0x00007ffa1e2b0000 - 0x00007ffa1e3a6000 	C:\WINDOWS\System32\SHCORE.dll
0x00007ffa1e590000 - 0x00007ffa1e5f6000 	C:\WINDOWS\System32\shlwapi.dll
0x00007ffa1be30000 - 0x00007ffa1be59000 	C:\WINDOWS\SYSTEM32\profapi.dll
0x00007ffa06b90000 - 0x00007ffa06ba8000 	C:\Program Files\Microsoft\jdk-17.0.19.10-hotspot\bin\zip.dll
0x00007ffa08880000 - 0x00007ffa0889b000 	C:\Program Files\Microsoft\jdk-17.0.19.10-hotspot\bin\net.dll
0x00007ffa13d40000 - 0x00007ffa13e69000 	C:\WINDOWS\SYSTEM32\WINHTTP.dll
0x00007ffa1b210000 - 0x00007ffa1b27c000 	C:\WINDOWS\system32\mswsock.dll
0x00007ffa08420000 - 0x00007ffa08436000 	C:\Program Files\Microsoft\jdk-17.0.19.10-hotspot\bin\nio.dll
0x00007ffa0bcb0000 - 0x00007ffa0bcc0000 	C:\Program Files\Microsoft\jdk-17.0.19.10-hotspot\bin\verify.dll
0x00007ff9fc700000 - 0x00007ff9fc727000 	C:\Users\marca\.gradle\native\1def1411415f61bf3af743bc5b6707747c0891f09f0c88961ee8f79bc544acac\windows-amd64\native-platform.dll
0x00007ffa08260000 - 0x00007ffa082d7000 	C:\Users\marca\.gradle\native\0.2.8\x86_64-windows-gnu\gradle-fileevents.dll
0x00007ffa0c160000 - 0x00007ffa0c16a000 	C:\Program Files\Microsoft\jdk-17.0.19.10-hotspot\bin\management.dll
0x00007ffa0c000000 - 0x00007ffa0c00c000 	C:\Program Files\Microsoft\jdk-17.0.19.10-hotspot\bin\management_ext.dll
0x00007ffa1e7e0000 - 0x00007ffa1e7e8000 	C:\WINDOWS\System32\PSAPI.DLL
0x00007ffa1a6b0000 - 0x00007ffa1a6e2000 	C:\WINDOWS\SYSTEM32\IPHLPAPI.DLL
0x00007ffa1e100000 - 0x00007ffa1e10a000 	C:\WINDOWS\System32\NSI.dll
0x00007ffa13ce0000 - 0x00007ffa13cfd000 	C:\WINDOWS\SYSTEM32\dhcpcsvc6.DLL
0x00007ffa13cb0000 - 0x00007ffa13cd5000 	C:\WINDOWS\SYSTEM32\dhcpcsvc.DLL
0x00007ffa1a740000 - 0x00007ffa1a872000 	C:\WINDOWS\SYSTEM32\DNSAPI.dll
0x00007ffa09be0000 - 0x00007ffa09be9000 	C:\Program Files\Microsoft\jdk-17.0.19.10-hotspot\bin\extnet.dll
0x00007ffa1b4f0000 - 0x00007ffa1b50b000 	C:\WINDOWS\SYSTEM32\CRYPTSP.dll
0x00007ffa1ac00000 - 0x00007ffa1ac39000 	C:\WINDOWS\system32\rsaenh.dll
0x00007ffa1b2c0000 - 0x00007ffa1b2f3000 	C:\WINDOWS\SYSTEM32\USERENV.dll
0x00007ffa1be00000 - 0x00007ffa1be2a000 	C:\WINDOWS\SYSTEM32\bcrypt.dll
0x00007ffa1b510000 - 0x00007ffa1b51c000 	C:\WINDOWS\SYSTEM32\CRYPTBASE.dll
0x00007ffa06b80000 - 0x00007ffa06b8e000 	C:\Program Files\Microsoft\jdk-17.0.19.10-hotspot\bin\sunmscapi.dll
0x00007ffa1c830000 - 0x00007ffa1c9a8000 	C:\WINDOWS\System32\CRYPT32.dll
0x00007ffa1b710000 - 0x00007ffa1b740000 	C:\WINDOWS\SYSTEM32\ncrypt.dll
0x00007ffa1b6c0000 - 0x00007ffa1b6ff000 	C:\WINDOWS\SYSTEM32\NTASN1.dll
0x00007ff9edfe0000 - 0x00007ff9edfe8000 	C:\WINDOWS\system32\wshunix.dll

dbghelp: loaded successfully - version: 4.0.5 - missing functions: none
symbol engine: initialized successfully - sym options: 0x614 - pdb path: .;C:\Program Files\Microsoft\jdk-17.0.19.10-hotspot\bin;C:\WINDOWS\SYSTEM32;C:\WINDOWS\WinSxS\amd64_microsoft.windows.common-controls_6595b64144ccf1df_6.0.26100.8457_none_3e0b2faee331e92d;C:\Program Files\Microsoft\jdk-17.0.19.10-hotspot\bin\server;C:\Users\marca\.gradle\native\1def1411415f61bf3af743bc5b6707747c0891f09f0c88961ee8f79bc544acac\windows-amd64;C:\Users\marca\.gradle\native\0.2.8\x86_64-windows-gnu

VM Arguments:
jvm_args: --add-opens=java.base/java.lang=ALL-UNNAMED --add-opens=java.base/java.lang.invoke=ALL-UNNAMED --add-opens=java.base/java.util=ALL-UNNAMED --add-opens=java.prefs/java.util.prefs=ALL-UNNAMED --add-exports=jdk.compiler/com.sun.tools.javac.api=ALL-UNNAMED --add-exports=jdk.compiler/com.sun.tools.javac.util=ALL-UNNAMED --add-opens=java.base/java.util=ALL-UNNAMED --add-opens=java.prefs/java.util.prefs=ALL-UNNAMED --add-opens=java.base/java.nio.charset=ALL-UNNAMED --add-opens=java.base/java.net=ALL-UNNAMED --add-opens=java.base/java.util.concurrent=ALL-UNNAMED --add-opens=java.base/java.util.concurrent.atomic=ALL-UNNAMED --add-opens=java.xml/javax.xml.namespace=ALL-UNNAMED -XX:MaxMetaspaceSize=1024m -Xmx4096m -Dfile.encoding=UTF-8 -Duser.country=US -Duser.language=en -Duser.variant -javaagent:C:\Users\marca\.gradle\wrapper\dists\gradle-9.0.0-bin\d6wjpkvcgsg3oed0qlfss3wgl\gradle-9.0.0\lib\agents\gradle-instrumentation-agent-9.0.0.jar 
java_command: org.gradle.launcher.daemon.bootstrap.GradleDaemon 9.0.0
java_class_path (initial): C:\Users\marca\.gradle\wrapper\dists\gradle-9.0.0-bin\d6wjpkvcgsg3oed0qlfss3wgl\gradle-9.0.0\lib\gradle-daemon-main-9.0.0.jar
Launcher Type: SUN_STANDARD

[Global flags]
     intx CICompilerCount                          = 4                                         {product} {ergonomic}
   size_t CompressedClassSpaceSize                 = 872415232                                 {product} {ergonomic}
     uint ConcGCThreads                            = 2                                         {product} {ergonomic}
     uint G1ConcRefinementThreads                  = 8                                         {product} {ergonomic}
   size_t G1HeapRegionSize                         = 2097152                                   {product} {ergonomic}
    uintx GCDrainStackTargetSize                   = 64                                        {product} {ergonomic}
   size_t InitialHeapSize                          = 199229440                                 {product} {ergonomic}
   size_t MarkStackSize                            = 4194304                                   {product} {ergonomic}
   size_t MaxHeapSize                              = 4294967296                                {product} {command line}
   size_t MaxMetaspaceSize                         = 1073741824                                {product} {command line}
   size_t MaxNewSize                               = 2575302656                                {product} {ergonomic}
   size_t MinHeapDeltaBytes                        = 2097152                                   {product} {ergonomic}
   size_t MinHeapSize                              = 8388608                                   {product} {ergonomic}
    uintx NonNMethodCodeHeapSize                   = 5839372                                {pd product} {ergonomic}
    uintx NonProfiledCodeHeapSize                  = 122909434                              {pd product} {ergonomic}
    uintx ProfiledCodeHeapSize                     = 122909434                              {pd product} {ergonomic}
    uintx ReservedCodeCacheSize                    = 251658240                              {pd product} {ergonomic}
     bool SegmentedCodeCache                       = true                                      {product} {ergonomic}
   size_t SoftMaxHeapSize                          = 4294967296                             {manageable} {ergonomic}
     bool UseCompressedClassPointers               = true                           {product lp64_product} {ergonomic}
     bool UseCompressedOops                        = true                           {product lp64_product} {ergonomic}
     bool UseG1GC                                  = true                                      {product} {ergonomic}
     bool UseLargePagesIndividualAllocation        = false                                  {pd product} {ergonomic}

Logging:
Log output configuration:
 #0: stdout all=warning uptime,level,tags
 #1: stderr all=off uptime,level,tags

Environment Variables:
JAVA_HOME=C:\Program Files\Microsoft\jdk-17.0.19.10-hotspot\
PATH=C:\Program Files\Microsoft\jdk-17.0.19.10-hotspot\bin;C:\Program Files\Common Files\Oracle\Java\javapath;C:\WINDOWS\system32;C:\WINDOWS;C:\WINDOWS\System32\Wbem;C:\WINDOWS\System32\WindowsPowerShell\v1.0\;C:\WINDOWS\System32\OpenSSH\;C:\Program Files (x86)\Microsoft SQL Server\160\Tools\Binn\;C:\Program Files\Microsoft SQL Server\160\Tools\Binn\;C:\Program Files\Microsoft SQL Server\Client SDK\ODBC\170\Tools\Binn\;C:\Program Files\Microsoft SQL Server\160\DTS\Binn\;C:\Program Files\Azure Data Studio\bin;C:\Program Files (x86)\Microsoft SQL Server\160\DTS\Binn\;C:\Program Files\dotnet\;C:\Program Files\Microsoft SQL Server\150\Tools\Binn\;C:\Program Files\Git\cmd;C:\Program Files\nodejs\;C:\WINDOWS\system32\config\systemprofile\AppData\Local\Muse Hub\lib;C:\Program Files\Git LFS;C:\Program Files\Microsoft SQL Server\170\Tools\Binn\;C:\Users\marca\AppData\Local\Android\Sdk\platform-tools;C:\Program Files\Common Files\Oracle\Java\javapath;C:\WINDOWS\system32;C:\WINDOWS;C:\WINDOWS\System32\Wbem;C:\WINDOWS\System32\WindowsPowerShell\v1.0\;C:\WINDOWS\System32\OpenSSH\;C:\Program Files (x86)\Microsoft SQL Server\160\Tools\Binn\;C:\Program Files\Microsoft SQL Server\160\Tools\Binn\;C:\Program Files\Microsoft SQL Server\Client SDK\ODBC\170\Tools\Binn\;C:\Program Files\Microsoft SQL Server\160\DTS\Binn\;C:\Program Files\Azure Data Studio\bin;C:\Program Files (x86)\Microsoft SQL Server\160\DTS\Binn\;C:\Program Files\dotnet\;C:\Program Files\Microsoft SQL Server\150\Tools\Binn\;C:\Program Files\Git\cmd;C:\Program Files\nodejs\;C:\Users\marca\AppData\Local\Muse Hub\lib;C:\Program Files\Git LFS;C:\Program Files\Microsoft SQL Server\170\Tools\Binn\;C:\Users\marca\AppData\Local\Android\Sdk\platform-tools;C:\Users\marca\AppData\Local\Programs\Microsoft VS Code\bin;C:\Users\marca\AppData\Local\GitHubDesktop\bin;C:\Users\marca\AppData\Local\Microsoft\WindowsApps;
USERNAME=marca
OS=Windows_NT
PROCESSOR_IDENTIFIER=Intel64 Family 6 Model 142 Stepping 12, GenuineIntel
TMP=C:\Users\marca\AppData\Local\Temp
TEMP=C:\Users\marca\AppData\Local\Temp



Periodic native trim disabled


---------------  S Y S T E M  ---------------

OS:
 Windows 11 , 64 bit Build 26100 (10.0.26100.8328)
OS uptime: 1 days 17:34 hours

CPU: total 8 (initial active 8) (4 cores per cpu, 2 threads per core) family 6 model 142 stepping 12 microcode 0xde, cx8, cmov, fxsr, ht, mmx, 3dnowpref, sse, sse2, sse3, ssse3, sse4.1, sse4.2, popcnt, lzcnt, tsc, tscinvbit, avx, avx2, aes, erms, clmul, bmi1, bmi2, adx, fma, vzeroupper, clflush, clflushopt
Processor Information for the first 8 processors :
  Max Mhz: 2112, Current Mhz: 1609, Mhz Limit: 1605

Memory: 4k page, system-wide physical 12121M (864M free)
TotalPageFile size 24921M (AvailPageFile size 589M)
current process WorkingSet (physical memory assigned to process): 776M, peak: 1170M
current process commit charge ("private bytes"): 1652M, peak: 2290M

vm_info: OpenJDK 64-Bit Server VM (17.0.19+10-LTS) for windows-amd64 JRE (17.0.19+10-LTS), built on Apr 18 2026 18:24:40 by "MicrosoftCorporation" with MS VC++ 17.14 (VS2022)

END.
